Ticker,Date,Close
ACME-PHONE,1/2/2025 16:00:00,243.85
ACME-PHONE,1/3/2025 16:00:00,243.36
ACME-PHONE,1/6/2025 16:00:00,245
ACME-PHONE,1/7/2025 16:00:00,242.21
ACME-PHONE,1/8/2025 16:00:00,242.7
ACME-PHONE,1/10/2025 16:00:00,236.85
ACME-PHONE,1/13/2025 16:00:00,234.4
ACME-PHONE,1/14/2025 16:00:00,233.28
ACME-PHONE,1/15/2025 16:00:00,237.87
ACME-PHONE,1/16/2025 16:00:00,228.26
ACME-PHONE,1/17/2025 16:00:00,229.98
ACME-PHONE,1/21/2025 16:00:00,222.64
ACME-PHONE,1/22/2025 16:00:00,223.83
ACME-PHONE,1/23/2025 16:00:00,223.66
ACME-PHONE,1/24/2025 16:00:00,222.78
ACME-PHONE,1/27/2025 16:00:00,229.86
ACME-PHONE,1/28/2025 16:00:00,238.26
ACME-PHONE,1/29/2025 16:00:00,239.36
ACME-PHONE,1/30/2025 16:00:00,237.59
ACME-PHONE,1/31/2025 16:00:00,236
ACME-PHONE,2/3/2025 16:00:00,228.01
ACME-PHONE,2/4/2025 16:00:00,232.8
ACME-PHONE,2/5/2025 16:00:00,232.47
ACME-PHONE,2/6/2025 16:00:00,233.22
ACME-PHONE,2/7/2025 16:00:00,227.63
ACME-PHONE,2/10/2025 16:00:00,227.65
ACME-PHONE,2/11/2025 16:00:00,232.62
ACME-PHONE,2/12/2025 16:00:00,236.87
ACME-PHONE,2/13/2025 16:00:00,241.53
ACME-PHONE,2/14/2025 16:00:00,244.6
ACME-PHONE,2/18/2025 16:00:00,244.47
ACME-PHONE,2/19/2025 16:00:00,244.87
ACME-PHONE,2/20/2025 16:00:00,245.83
ACME-PHONE,2/21/2025 16:00:00,245.55
ACME-PHONE,2/24/2025 16:00:00,247.1
ACME-PHONE,2/25/2025 16:00:00,247.04
ACME-PHONE,2/26/2025 16:00:00,240.36
ACME-PHONE,2/27/2025 16:00:00,237.3
ACME-PHONE,2/28/2025 16:00:00,241.84
ACME-PHONE,3/3/2025 16:00:00,238.03
ACME-PHONE,3/4/2025 16:00:00,235.93
ACME-PHONE,3/5/2025 16:00:00,235.74
ACME-PHONE,3/6/2025 16:00:00,235.33
ACME-PHONE,3/7/2025 16:00:00,239.07
ACME-PHONE,3/10/2025 16:00:00,227.48
ACME-PHONE,3/11/2025 16:00:00,220.84
ACME-PHONE,3/12/2025 16:00:00,216.98
ACME-PHONE,3/13/2025 16:00:00,209.68
ACME-PHONE,3/14/2025 16:00:00,213.49
ACME-PHONE,3/17/2025 16:00:00,214
ACME-PHONE,3/18/2025 16:00:00,212.69
ACME-PHONE,3/19/2025 16:00:00,215.24
ACME-PHONE,3/20/2025 16:00:00,214.1
ACME-PHONE,3/21/2025 16:00:00,218.27
ACME-PHONE,3/24/2025 16:00:00,220.73
ACME-PHONE,3/25/2025 16:00:00,223.75
ACME-PHONE,3/26/2025 16:00:00,221.53
ACME-PHONE,3/27/2025 16:00:00,223.85
ACME-PHONE,3/28/2025 16:00:00,217.9
ACME-PHONE,3/31/2025 16:00:00,222.13
ACME-PHONE,4/1/2025 16:00:00,223.19
ACME-PHONE,4/2/2025 16:00:00,223.89
ACME-PHONE,4/3/2025 16:00:00,203.19
ACME-PHONE,4/4/2025 16:00:00,188.38
ACME-PHONE,4/7/2025 16:00:00,181.46
ACME-PHONE,4/8/2025 16:00:00,172.42
ACME-PHONE,4/9/2025 16:00:00,198.85
ACME-PHONE,4/10/2025 16:00:00,190.42
ACME-PHONE,4/11/2025 16:00:00,198.15
ACME-PHONE,4/14/2025 16:00:00,202.52
ACME-PHONE,4/15/2025 16:00:00,202.14
ACME-PHONE,4/16/2025 16:00:00,194.27
ACME-PHONE,4/17/2025 16:00:00,196.98
ACME-PHONE,4/21/2025 16:00:00,193.16
ACME-PHONE,4/22/2025 16:00:00,199.74
ACME-PHONE,4/23/2025 16:00:00,204.6
ACME-PHONE,4/24/2025 16:00:00,208.37
ACME-PHONE,4/25/2025 16:00:00,209.28
ACME-PHONE,4/28/2025 16:00:00,210.14
ACME-PHONE,4/29/2025 16:00:00,211.21
ACME-PHONE,4/30/2025 16:00:00,212.5
ACME-PHONE,5/1/2025 16:00:00,213.32
ACME-PHONE,5/2/2025 16:00:00,205.35
ACME-PHONE,5/5/2025 16:00:00,198.89
ACME-PHONE,5/6/2025 16:00:00,198.51
ACME-PHONE,5/7/2025 16:00:00,196.25
ACME-PHONE,5/8/2025 16:00:00,197.49
ACME-PHONE,5/9/2025 16:00:00,198.53
ACME-PHONE,5/12/2025 16:00:00,210.79
ACME-PHONE,5/13/2025 16:00:00,212.93
ACME-PHONE,5/14/2025 16:00:00,212.33
ACME-PHONE,5/15/2025 16:00:00,211.45
ACME-PHONE,5/16/2025 16:00:00,211.26
ACME-PHONE,5/19/2025 16:00:00,208.78
ACME-PHONE,5/20/2025 16:00:00,206.86
ACME-PHONE,5/21/2025 16:00:00,202.09
ACME-PHONE,5/22/2025 16:00:00,202.09
ACME-PHONE,5/23/2025 16:00:00,195.27
ACME-PHONE,5/27/2025 16:00:00,200.21
ACME-PHONE,5/28/2025 16:00:00,200.42
ACME-PHONE,5/29/2025 16:00:00,199.95
ACME-PHONE,5/30/2025 16:00:00,200.85
ACME-PHONE,6/2/2025 16:00:00,201.7
ACME-PHONE,6/3/2025 16:00:00,203.27
ACME-PHONE,6/4/2025 16:00:00,202.82
ACME-PHONE,6/5/2025 16:00:00,200.63
ACME-PHONE,6/6/2025 16:00:00,203.92
ACME-PHONE,6/9/2025 16:00:00,201.45
ACME-PHONE,6/10/2025 16:00:00,202.67
ACME-PHONE,6/11/2025 16:00:00,198.78
ACME-PHONE,6/12/2025 16:00:00,199.2
ACME-PHONE,6/13/2025 16:00:00,196.45
ACME-PHONE,6/16/2025 16:00:00,198.42
ACME-PHONE,6/17/2025 16:00:00,195.64
ACME-PHONE,6/18/2025 16:00:00,196.58
ACME-PHONE,6/20/2025 16:00:00,201
ACME-PHONE,6/23/2025 16:00:00,201.5
ACME-PHONE,6/24/2025 16:00:00,200.3
ACME-PHONE,6/25/2025 16:00:00,201.56
ACME-PHONE,6/26/2025 16:00:00,201
ACME-PHONE,6/27/2025 16:00:00,201.08
ACME-PHONE,6/30/2025 16:00:00,205.17
ACME-PHONE,7/1/2025 16:00:00,207.82
ACME-PHONE,7/2/2025 16:00:00,212.44
ACME-PHONE,7/3/2025 13:05:00,213.55
ACME-PHONE,7/7/2025 16:00:00,209.95
ACME-PHONE,7/8/2025 16:00:00,210.01
ACME-PHONE,7/9/2025 16:00:00,211.14
ACME-PHONE,7/10/2025 16:00:00,212.41
ACME-PHONE,7/11/2025 16:00:00,211.16
ACME-PHONE,7/14/2025 16:00:00,208.62
ACME-PHONE,7/15/2025 16:00:00,209.11
ACME-PHONE,7/16/2025 16:00:00,210.16
ACME-PHONE,7/17/2025 16:00:00,210.02
ACME-PHONE,7/18/2025 16:00:00,211.18
ACME-PHONE,7/21/2025 16:00:00,212.48
ACME-PHONE,7/22/2025 16:00:00,214.4
ACME-PHONE,7/23/2025 16:00:00,214.15
ACME-PHONE,7/24/2025 16:00:00,213.76
ACME-PHONE,7/25/2025 16:00:00,213.88
ACME-PHONE,7/28/2025 16:00:00,214.05
ACME-PHONE,7/29/2025 16:00:00,211.27
ACME-PHONE,7/30/2025 16:00:00,209.05
ACME-PHONE,7/31/2025 16:00:00,207.57
ACME-PHONE,8/1/2025 16:00:00,202.38
ACME-PHONE,8/4/2025 16:00:00,203.35
ACME-PHONE,8/5/2025 16:00:00,202.92
ACME-PHONE,8/6/2025 16:00:00,213.25
ACME-PHONE,8/7/2025 16:00:00,220.03
ACME-PHONE,8/8/2025 16:00:00,229.35
ACME-PHONE,8/11/2025 16:00:00,227.18
ACME-PHONE,8/12/2025 16:00:00,229.65
ACME-PHONE,8/13/2025 16:00:00,233.33
ACME-PHONE,8/14/2025 16:00:00,232.78
ACME-PHONE,8/15/2025 16:00:00,231.59
ACME-PHONE,8/18/2025 16:00:00,230.89
ACME-PHONE,8/19/2025 16:00:00,230.56
ACME-PHONE,8/20/2025 16:00:00,226.01
ACME-PHONE,8/21/2025 16:00:00,224.9
ACME-PHONE,8/22/2025 16:00:00,227.76
ACME-PHONE,8/25/2025 16:00:00,227.16
ACME-PHONE,8/26/2025 16:00:00,229.31
ACME-PHONE,8/27/2025 16:00:00,230.49
ACME-PHONE,8/28/2025 16:00:00,232.56
ACME-PHONE,8/29/2025 16:00:00,232.14
ACME-PHONE,9/2/2025 16:00:00,229.72
ACME-PHONE,9/3/2025 16:00:00,238.47
ACME-PHONE,9/4/2025 16:00:00,239.78
ACME-PHONE,9/5/2025 16:00:00,239.69
ACME-PHONE,9/8/2025 16:00:00,237.88
ACME-PHONE,9/9/2025 16:00:00,234.35
ACME-PHONE,9/10/2025 16:00:00,226.79
ACME-PHONE,9/11/2025 16:00:00,230.03
ACME-PHONE,9/12/2025 16:00:00,234.07
ACME-PHONE,9/15/2025 16:00:00,236.7
ACME-PHONE,9/16/2025 16:00:00,238.15
ACME-PHONE,9/17/2025 16:00:00,238.99
ACME-PHONE,9/18/2025 16:00:00,237.88
ACME-PHONE,9/19/2025 16:00:00,245.5
ACME-PHONE,9/22/2025 16:00:00,256.08
ACME-PHONE,9/23/2025 16:00:00,254.43
ACME-PHONE,9/24/2025 16:00:00,252.31
ACME-PHONE,9/25/2025 16:00:00,256.87
ACME-PHONE,9/26/2025 16:00:00,255.46
ACME-PHONE,9/29/2025 16:00:00,254.43
ACME-PHONE,9/30/2025 16:00:00,254.63
ACME-PHONE,10/1/2025 16:00:00,255.45
ACME-PHONE,10/2/2025 16:00:00,257.13
ACME-PHONE,10/3/2025 16:00:00,258.02
ACME-PHONE,10/6/2025 16:00:00,256.69
ACME-PHONE,10/7/2025 16:00:00,256.48
ACME-PHONE,10/8/2025 16:00:00,258.06
ACME-PHONE,10/9/2025 16:00:00,254.04
ACME-PHONE,10/10/2025 16:00:00,245.27
ACME-PHONE,10/13/2025 16:00:00,247.66
ACME-PHONE,10/14/2025 16:00:00,247.77
ACME-PHONE,10/15/2025 16:00:00,249.34
ACME-PHONE,10/16/2025 16:00:00,247.45
ACME-PHONE,10/17/2025 16:00:00,252.29
ACME-PHONE,10/20/2025 16:00:00,262.24
ACME-PHONE,10/21/2025 16:00:00,262.77
ACME-PHONE,10/22/2025 16:00:00,258.45
ACME-PHONE,10/23/2025 16:00:00,259.58
ACME-PHONE,10/24/2025 16:00:00,262.82
ACME-PHONE,10/27/2025 16:00:00,268.81
ACME-PHONE,10/28/2025 16:00:00,269
ACME-PHONE,10/29/2025 16:00:00,269.7
ACME-PHONE,10/30/2025 16:00:00,271.4
ACME-PHONE,10/31/2025 16:00:00,270.37
ACME-PHONE,11/3/2025 16:00:00,269.05
ACME-PHONE,11/4/2025 16:00:00,270.04
ACME-PHONE,11/5/2025 16:00:00,270.14
ACME-PHONE,11/6/2025 16:00:00,269.77
ACME-PHONE,11/7/2025 16:00:00,268.47
ACME-PHONE,11/10/2025 16:00:00,269.43
ACME-PHONE,11/11/2025 16:00:00,275.25
ACME-PHONE,11/12/2025 16:00:00,273.47
ACME-PHONE,11/13/2025 16:00:00,272.95
ACME-PHONE,11/14/2025 16:00:00,272.41
ACME-PHONE,11/17/2025 16:00:00,267.46
ACME-PHONE,11/18/2025 16:00:00,267.44
ACME-PHONE,11/19/2025 16:00:00,268.56
ACME-PHONE,11/20/2025 16:00:00,266.25
ACME-PHONE,11/21/2025 16:00:00,271.49
ACME-PHONE,11/24/2025 16:00:00,275.92
ACME-PHONE,11/25/2025 16:00:00,276.97
ACME-PHONE,11/26/2025 16:00:00,277.55
ACME-PHONE,11/28/2025 13:05:00,278.85
ACME-PHONE,12/1/2025 16:00:00,283.1
ACME-PHONE,12/2/2025 16:00:00,286.19
ACME-PHONE,12/3/2025 16:00:00,284.15
ACME-PHONE,12/4/2025 16:00:00,280.7
ACME-PHONE,12/5/2025 16:00:00,278.78
ACME-PHONE,12/8/2025 16:00:00,277.89
ACME-PHONE,12/9/2025 16:00:00,277.18
ACME-PHONE,12/10/2025 16:00:00,278.78
ACME-PHONE,12/11/2025 16:00:00,278.03
ACME-PHONE,12/12/2025 16:00:00,278.28
ACME-PHONE,12/15/2025 16:00:00,274.11
ACME-PHONE,12/16/2025 16:00:00,274.61
ACME-PHONE,12/17/2025 16:00:00,271.84
ACME-PHONE,12/18/2025 16:00:00,272.19
ACME-PHONE,12/19/2025 16:00:00,273.67
ACME-PHONE,12/22/2025 16:00:00,270.97
ACME-PHONE,12/23/2025 16:00:00,272.36
ACME-PHONE,12/24/2025 13:05:00,273.81
ACME-PHONE,12/26/2025 16:00:00,273.4
ACME-PHONE,12/29/2025 16:00:00,273.76
ACME-PHONE,12/30/2025 16:00:00,273.08
ACME-PHONE,12/31/2025 16:00:00,271.86
ACME-PHONE,1/2/2026 16:00:00,271.01
ACME-PHONE,1/5/2026 16:00:00,267.26
ACME-PHONE,1/6/2026 16:00:00,262.36
ACME-PHONE,1/7/2026 16:00:00,260.33
ACME-PHONE,1/8/2026 16:00:00,259.04
ACME-PHONE,1/9/2026 16:00:00,259.37
ACME-PHONE,1/12/2026 16:00:00,260.25
ACME-PHONE,1/13/2026 16:00:00,261.05
ACME-PHONE,1/14/2026 16:00:00,259.96
ACME-PHONE,1/15/2026 16:00:00,258.21
ACME-PHONE,1/16/2026 16:00:00,255.53
ACME-PHONE,1/20/2026 16:00:00,246.7
ACME-PHONE,1/21/2026 16:00:00,247.65
ACME-PHONE,1/22/2026 16:00:00,248.35
ACME-PHONE,1/23/2026 16:00:00,248.04
ACME-PHONE,1/26/2026 16:00:00,255.41
ACME-PHONE,1/27/2026 16:00:00,258.27
ACME-PHONE,1/28/2026 16:00:00,256.44
ACME-PHONE,1/29/2026 16:00:00,258.28
ACME-PHONE,1/30/2026 16:00:00,259.48
ACME-PHONE,2/2/2026 16:00:00,270.01
ACME-PHONE,2/3/2026 16:00:00,269.48
ACME-PHONE,2/4/2026 16:00:00,276.49
ACME-PHONE,2/5/2026 16:00:00,275.91
ACME-PHONE,2/6/2026 16:00:00,278.12
ACME-PHONE,2/9/2026 16:00:00,274.62
ACME-PHONE,2/10/2026 16:00:00,273.68
ACME-PHONE,2/11/2026 16:00:00,275.5
ACME-PHONE,2/12/2026 16:00:00,261.73
ACME-PHONE,2/13/2026 16:00:00,255.78
ACME-PHONE,2/17/2026 16:00:00,263.88
ACME-PHONE,2/18/2026 16:00:00,264.35
ACME-PHONE,2/19/2026 16:00:00,260.58
ACME-PHONE,2/20/2026 16:00:00,264.58
ACME-PHONE,2/23/2026 16:00:00,266.18
ACME-PHONE,2/24/2026 16:00:00,272.14
ACME-PHONE,2/25/2026 16:00:00,274.23
ACME-PHONE,2/26/2026 16:00:00,272.95
ACME-PHONE,2/27/2026 16:00:00,264.18
ACME-PHONE,3/2/2026 16:00:00,264.72
ACME-PHONE,3/3/2026 16:00:00,263.75
ACME-PHONE,3/4/2026 16:00:00,262.52
ACME-PHONE,3/5/2026 16:00:00,260.29
ACME-PHONE,3/6/2026 16:00:00,257.46
ACME-PHONE,3/9/2026 16:00:00,259.88
ACME-PHONE,3/10/2026 16:00:00,260.83
ACME-PHONE,3/11/2026 16:00:00,260.81
ACME-PHONE,3/12/2026 16:00:00,255.76
ACME-PHONE,3/13/2026 16:00:00,250.12
ACME-PHONE,3/16/2026 16:00:00,252.82
ACME-PHONE,3/17/2026 16:00:00,254.23
ACME-PHONE,3/18/2026 16:00:00,249.94
ACME-PHONE,3/19/2026 16:00:00,248.96
ACME-PHONE,3/20/2026 16:00:00,247.99
ACME-PHONE,3/23/2026 16:00:00,251.49
ACME-PHONE,3/24/2026 16:00:00,251.64
ACME-PHONE,3/25/2026 16:00:00,252.62
ACME-PHONE,3/26/2026 16:00:00,252.89
ACME-PHONE,3/27/2026 16:00:00,248.8
ACME-PHONE,3/30/2026 16:00:00,246.63
ACME-PHONE,3/31/2026 16:00:00,253.79
ACME-PHONE,4/1/2026 16:00:00,255.63
ACME-PHONE,4/2/2026 16:00:00,255.92
ACME-PHONE,4/6/2026 16:00:00,258.86
ACME-PHONE,4/7/2026 16:00:00,253.5
ACME-PHONE,4/8/2026 16:00:00,258.9
ACME-PHONE,4/9/2026 16:00:00,260.49
ACME-PHONE,4/10/2026 16:00:00,260.48
ACME-PHONE,4/13/2026 16:00:00,259.2
ACME-PHONE,4/14/2026 16:00:00,258.83
ACME-PHONE,4/15/2026 16:00:00,266.43
ACME-PHONE,4/16/2026 16:00:00,263.4
ACME-PHONE,4/17/2026 16:00:00,270.23
ACME-PHONE,4/20/2026 16:00:00,273.05
ACME-PHONE,4/21/2026 16:00:00,266.17
ACME-PHONE,4/22/2026 16:00:00,273.17
ACME-PHONE,4/23/2026 16:00:00,273.43
ACME-PHONE,4/24/2026 16:00:00,271.06
ACME-PHONE,4/27/2026 16:00:00,267.61
ACME-PHONE,4/28/2026 16:00:00,270.71
ACME-PHONE,4/29/2026 16:00:00,270.17
ACME-PHONE,4/30/2026 16:00:00,271.35
ACME-PHONE,5/1/2026 16:00:00,280.14
ACME-PHONE,5/4/2026 16:00:00,276.83
ACME-PHONE,5/5/2026 16:00:00,284.18
ACME-PHONE,5/6/2026 16:00:00,287.51
ACME-PHONE,5/7/2026 16:00:00,287.44
ACME-PHONE,5/8/2026 16:00:00,293.32
ACME-PHONE,5/11/2026 16:00:00,292.68
ACME-PHONE,5/12/2026 16:00:00,294.8
ACME-PHONE,5/13/2026 16:00:00,298.87
ACME-PHONE,5/14/2026 16:00:00,298.21
ACME-PHONE,5/15/2026 16:00:00,300.23
ACME-PHONE,5/18/2026 16:00:00,297.84
ACME-PHONE,5/19/2026 16:00:00,298.97
ACME-PHONE,5/20/2026 16:00:00,302.25
ACME-PHONE,5/21/2026 16:00:00,304.99
ACME-PHONE,5/22/2026 16:00:00,308.82
ACME-PHONE,5/26/2026 16:00:00,308.33
ACME-PHONE,5/27/2026 16:00:00,310.85
ACME-PHONE,5/28/2026 16:00:00,312.51
ACME-PHONE,5/29/2026 16:00:00,312.06
ACME-PHONE,6/1/2026 16:00:00,306.31
ACME-COMPUTER,1/2/2025 16:00:00,243.85
ACME-COMPUTER,1/3/2025 16:00:00,243.36
ACME-COMPUTER,1/6/2025 16:00:00,245
ACME-COMPUTER,1/7/2025 16:00:00,242.21
ACME-COMPUTER,1/8/2025 16:00:00,242.7
ACME-COMPUTER,1/10/2025 16:00:00,236.85
ACME-COMPUTER,1/13/2025 16:00:00,234.4
ACME-COMPUTER,1/14/2025 16:00:00,233.28
ACME-COMPUTER,1/15/2025 16:00:00,237.87
ACME-COMPUTER,1/16/2025 16:00:00,228.26
ACME-COMPUTER,1/17/2025 16:00:00,229.98
ACME-COMPUTER,1/21/2025 16:00:00,222.64
ACME-COMPUTER,1/22/2025 16:00:00,223.83
ACME-COMPUTER,1/23/2025 16:00:00,223.66
ACME-COMPUTER,1/24/2025 16:00:00,222.78
ACME-COMPUTER,1/27/2025 16:00:00,229.86
ACME-COMPUTER,1/28/2025 16:00:00,238.26
ACME-COMPUTER,1/29/2025 16:00:00,239.36
ACME-COMPUTER,1/30/2025 16:00:00,237.59
ACME-COMPUTER,1/31/2025 16:00:00,236
ACME-COMPUTER,2/3/2025 16:00:00,228.01
ACME-COMPUTER,2/4/2025 16:00:00,232.8
ACME-COMPUTER,2/5/2025 16:00:00,232.47
ACME-COMPUTER,2/6/2025 16:00:00,233.22
ACME-COMPUTER,2/7/2025 16:00:00,227.63
ACME-COMPUTER,2/10/2025 16:00:00,227.65
ACME-COMPUTER,2/11/2025 16:00:00,232.62
ACME-COMPUTER,2/12/2025 16:00:00,236.87
ACME-COMPUTER,2/13/2025 16:00:00,241.53
ACME-COMPUTER,2/14/2025 16:00:00,244.6
ACME-COMPUTER,2/18/2025 16:00:00,244.47
ACME-COMPUTER,2/19/2025 16:00:00,244.87
ACME-COMPUTER,2/20/2025 16:00:00,245.83
ACME-COMPUTER,2/21/2025 16:00:00,245.55
ACME-COMPUTER,2/24/2025 16:00:00,247.1
ACME-COMPUTER,2/25/2025 16:00:00,247.04
ACME-COMPUTER,2/26/2025 16:00:00,240.36
ACME-COMPUTER,2/27/2025 16:00:00,237.3
ACME-COMPUTER,2/28/2025 16:00:00,241.84
ACME-COMPUTER,3/3/2025 16:00:00,238.03
ACME-COMPUTER,3/4/2025 16:00:00,235.93
ACME-COMPUTER,3/5/2025 16:00:00,235.74
ACME-COMPUTER,3/6/2025 16:00:00,235.33
ACME-COMPUTER,3/7/2025 16:00:00,239.07
ACME-COMPUTER,3/10/2025 16:00:00,227.48
ACME-COMPUTER,3/11/2025 16:00:00,220.84
ACME-COMPUTER,3/12/2025 16:00:00,216.98
ACME-COMPUTER,3/13/2025 16:00:00,209.68
ACME-COMPUTER,3/14/2025 16:00:00,213.49
ACME-COMPUTER,3/17/2025 16:00:00,214
ACME-COMPUTER,3/18/2025 16:00:00,212.69
ACME-COMPUTER,3/19/2025 16:00:00,215.24
ACME-COMPUTER,3/20/2025 16:00:00,214.1
ACME-COMPUTER,3/21/2025 16:00:00,218.27
ACME-COMPUTER,3/24/2025 16:00:00,220.73
ACME-COMPUTER,3/25/2025 16:00:00,223.75
ACME-COMPUTER,3/26/2025 16:00:00,221.53
ACME-COMPUTER,3/27/2025 16:00:00,223.85
ACME-COMPUTER,3/28/2025 16:00:00,217.9
ACME-COMPUTER,3/31/2025 16:00:00,222.13
ACME-COMPUTER,4/1/2025 16:00:00,223.19
ACME-COMPUTER,4/2/2025 16:00:00,223.89
ACME-COMPUTER,4/3/2025 16:00:00,203.19
ACME-COMPUTER,4/4/2025 16:00:00,188.38
ACME-COMPUTER,4/7/2025 16:00:00,181.46
ACME-COMPUTER,4/8/2025 16:00:00,172.42
ACME-COMPUTER,4/9/2025 16:00:00,198.85
ACME-COMPUTER,4/10/2025 16:00:00,190.42
ACME-COMPUTER,4/11/2025 16:00:00,198.15
ACME-COMPUTER,4/14/2025 16:00:00,202.52
ACME-COMPUTER,4/15/2025 16:00:00,202.14
ACME-COMPUTER,4/16/2025 16:00:00,194.27
ACME-COMPUTER,4/17/2025 16:00:00,196.98
ACME-COMPUTER,4/21/2025 16:00:00,193.16
ACME-COMPUTER,4/22/2025 16:00:00,199.74
ACME-COMPUTER,4/23/2025 16:00:00,204.6
ACME-COMPUTER,4/24/2025 16:00:00,208.37
ACME-COMPUTER,4/25/2025 16:00:00,209.28
ACME-COMPUTER,4/28/2025 16:00:00,210.14
ACME-COMPUTER,4/29/2025 16:00:00,211.21
ACME-COMPUTER,4/30/2025 16:00:00,212.5
ACME-COMPUTER,5/1/2025 16:00:00,213.32
ACME-COMPUTER,5/2/2025 16:00:00,205.35
ACME-COMPUTER,5/5/2025 16:00:00,198.89
ACME-COMPUTER,5/6/2025 16:00:00,198.51
ACME-COMPUTER,5/7/2025 16:00:00,196.25
ACME-COMPUTER,5/8/2025 16:00:00,197.49
ACME-COMPUTER,5/9/2025 16:00:00,198.53
ACME-COMPUTER,5/12/2025 16:00:00,210.79
ACME-COMPUTER,5/13/2025 16:00:00,212.93
ACME-COMPUTER,5/14/2025 16:00:00,212.33
ACME-COMPUTER,5/15/2025 16:00:00,211.45
ACME-COMPUTER,5/16/2025 16:00:00,211.26
ACME-COMPUTER,5/19/2025 16:00:00,208.78
ACME-COMPUTER,5/20/2025 16:00:00,206.86
ACME-COMPUTER,5/21/2025 16:00:00,202.09
ACME-COMPUTER,5/22/2025 16:00:00,202.09
ACME-COMPUTER,5/23/2025 16:00:00,195.27
ACME-COMPUTER,5/27/2025 16:00:00,200.21
ACME-COMPUTER,5/28/2025 16:00:00,200.42
ACME-COMPUTER,5/29/2025 16:00:00,199.95
ACME-COMPUTER,5/30/2025 16:00:00,200.85
ACME-COMPUTER,6/2/2025 16:00:00,201.7
ACME-COMPUTER,6/3/2025 16:00:00,203.27
ACME-COMPUTER,6/4/2025 16:00:00,202.82
ACME-COMPUTER,6/5/2025 16:00:00,200.63
ACME-COMPUTER,6/6/2025 16:00:00,203.92
ACME-COMPUTER,6/9/2025 16:00:00,201.45
ACME-COMPUTER,6/10/2025 16:00:00,202.67
ACME-COMPUTER,6/11/2025 16:00:00,198.78
ACME-COMPUTER,6/12/2025 16:00:00,199.2
ACME-COMPUTER,6/13/2025 16:00:00,196.45
ACME-COMPUTER,6/16/2025 16:00:00,198.42
ACME-COMPUTER,6/17/2025 16:00:00,195.64
ACME-COMPUTER,6/18/2025 16:00:00,196.58
ACME-COMPUTER,6/20/2025 16:00:00,201
ACME-COMPUTER,6/23/2025 16:00:00,201.5
ACME-COMPUTER,6/24/2025 16:00:00,200.3
ACME-COMPUTER,6/25/2025 16:00:00,201.56
ACME-COMPUTER,6/26/2025 16:00:00,201
ACME-COMPUTER,6/27/2025 16:00:00,201.08
ACME-COMPUTER,6/30/2025 16:00:00,205.17
ACME-COMPUTER,7/1/2025 16:00:00,207.82
ACME-COMPUTER,7/2/2025 16:00:00,212.44
ACME-COMPUTER,7/3/2025 13:05:00,213.55
ACME-COMPUTER,7/7/2025 16:00:00,209.95
ACME-COMPUTER,7/8/2025 16:00:00,210.01
ACME-COMPUTER,7/9/2025 16:00:00,211.14
ACME-COMPUTER,7/10/2025 16:00:00,212.41
ACME-COMPUTER,7/11/2025 16:00:00,211.16
ACME-COMPUTER,7/14/2025 16:00:00,208.62
ACME-COMPUTER,7/15/2025 16:00:00,209.11
ACME-COMPUTER,7/16/2025 16:00:00,210.16
ACME-COMPUTER,7/17/2025 16:00:00,210.02
ACME-COMPUTER,7/18/2025 16:00:00,211.18
ACME-COMPUTER,7/21/2025 16:00:00,212.48
ACME-COMPUTER,7/22/2025 16:00:00,214.4
ACME-COMPUTER,7/23/2025 16:00:00,214.15
ACME-COMPUTER,7/24/2025 16:00:00,213.76
ACME-COMPUTER,7/25/2025 16:00:00,213.88
ACME-COMPUTER,7/28/2025 16:00:00,214.05
ACME-COMPUTER,7/29/2025 16:00:00,211.27
ACME-COMPUTER,7/30/2025 16:00:00,209.05
ACME-COMPUTER,7/31/2025 16:00:00,207.57
ACME-COMPUTER,8/1/2025 16:00:00,202.38
ACME-COMPUTER,8/4/2025 16:00:00,203.35
ACME-COMPUTER,8/5/2025 16:00:00,202.92
ACME-COMPUTER,8/6/2025 16:00:00,213.25
ACME-COMPUTER,8/7/2025 16:00:00,220.03
ACME-COMPUTER,8/8/2025 16:00:00,229.35
ACME-COMPUTER,8/11/2025 16:00:00,227.18
ACME-COMPUTER,8/12/2025 16:00:00,229.65
ACME-COMPUTER,8/13/2025 16:00:00,233.33
ACME-COMPUTER,8/14/2025 16:00:00,232.78
ACME-COMPUTER,8/15/2025 16:00:00,231.59
ACME-COMPUTER,8/18/2025 16:00:00,230.89
ACME-COMPUTER,8/19/2025 16:00:00,230.56
ACME-COMPUTER,8/20/2025 16:00:00,226.01
ACME-COMPUTER,8/21/2025 16:00:00,224.9
ACME-COMPUTER,8/22/2025 16:00:00,227.76
ACME-COMPUTER,8/25/2025 16:00:00,227.16
ACME-COMPUTER,8/26/2025 16:00:00,229.31
ACME-COMPUTER,8/27/2025 16:00:00,230.49
ACME-COMPUTER,8/28/2025 16:00:00,232.56
ACME-COMPUTER,8/29/2025 16:00:00,232.14
ACME-COMPUTER,9/2/2025 16:00:00,229.72
ACME-COMPUTER,9/3/2025 16:00:00,238.47
ACME-COMPUTER,9/4/2025 16:00:00,239.78
ACME-COMPUTER,9/5/2025 16:00:00,239.69
ACME-COMPUTER,9/8/2025 16:00:00,237.88
ACME-COMPUTER,9/9/2025 16:00:00,234.35
ACME-COMPUTER,9/10/2025 16:00:00,226.79
ACME-COMPUTER,9/11/2025 16:00:00,230.03
ACME-COMPUTER,9/12/2025 16:00:00,234.07
ACME-COMPUTER,9/15/2025 16:00:00,236.7
ACME-COMPUTER,9/16/2025 16:00:00,238.15
ACME-COMPUTER,9/17/2025 16:00:00,238.99
ACME-COMPUTER,9/18/2025 16:00:00,237.88
ACME-COMPUTER,9/19/2025 16:00:00,245.5
ACME-COMPUTER,9/22/2025 16:00:00,256.08
ACME-COMPUTER,9/23/2025 16:00:00,254.43
ACME-COMPUTER,9/24/2025 16:00:00,252.31
ACME-COMPUTER,9/25/2025 16:00:00,256.87
ACME-COMPUTER,9/26/2025 16:00:00,255.46
ACME-COMPUTER,9/29/2025 16:00:00,254.43
ACME-COMPUTER,9/30/2025 16:00:00,254.63
ACME-COMPUTER,10/1/2025 16:00:00,255.45
ACME-COMPUTER,10/2/2025 16:00:00,257.13
ACME-COMPUTER,10/3/2025 16:00:00,258.02
ACME-COMPUTER,10/6/2025 16:00:00,256.69
ACME-COMPUTER,10/7/2025 16:00:00,256.48
ACME-COMPUTER,10/8/2025 16:00:00,258.06
ACME-COMPUTER,10/9/2025 16:00:00,254.04
ACME-COMPUTER,10/10/2025 16:00:00,245.27
ACME-COMPUTER,10/13/2025 16:00:00,247.66
ACME-COMPUTER,10/14/2025 16:00:00,247.77
ACME-COMPUTER,10/15/2025 16:00:00,249.34
ACME-COMPUTER,10/16/2025 16:00:00,247.45
ACME-COMPUTER,10/17/2025 16:00:00,252.29
ACME-COMPUTER,10/20/2025 16:00:00,262.24
ACME-COMPUTER,10/21/2025 16:00:00,262.77
ACME-COMPUTER,10/22/2025 16:00:00,258.45
ACME-COMPUTER,10/23/2025 16:00:00,259.58
ACME-COMPUTER,10/24/2025 16:00:00,262.82
ACME-COMPUTER,10/27/2025 16:00:00,268.81
ACME-COMPUTER,10/28/2025 16:00:00,269
ACME-COMPUTER,10/29/2025 16:00:00,269.7
ACME-COMPUTER,10/30/2025 16:00:00,271.4
ACME-COMPUTER,10/31/2025 16:00:00,270.37
ACME-COMPUTER,11/3/2025 16:00:00,269.05
ACME-COMPUTER,11/4/2025 16:00:00,270.04
ACME-COMPUTER,11/5/2025 16:00:00,270.14
ACME-COMPUTER,11/6/2025 16:00:00,269.77
ACME-COMPUTER,11/7/2025 16:00:00,268.47
ACME-COMPUTER,11/10/2025 16:00:00,269.43
ACME-COMPUTER,11/11/2025 16:00:00,275.25
ACME-COMPUTER,11/12/2025 16:00:00,273.47
ACME-COMPUTER,11/13/2025 16:00:00,272.95
ACME-COMPUTER,11/14/2025 16:00:00,272.41
ACME-COMPUTER,11/17/2025 16:00:00,267.46
ACME-COMPUTER,11/18/2025 16:00:00,267.44
ACME-COMPUTER,11/19/2025 16:00:00,268.56
ACME-COMPUTER,11/20/2025 16:00:00,266.25
ACME-COMPUTER,11/21/2025 16:00:00,271.49
ACME-COMPUTER,11/24/2025 16:00:00,275.92
ACME-COMPUTER,11/25/2025 16:00:00,276.97
ACME-COMPUTER,11/26/2025 16:00:00,277.55
ACME-COMPUTER,11/28/2025 13:05:00,278.85
ACME-COMPUTER,12/1/2025 16:00:00,283.1
ACME-COMPUTER,12/2/2025 16:00:00,286.19
ACME-COMPUTER,12/3/2025 16:00:00,284.15
ACME-COMPUTER,12/4/2025 16:00:00,280.7
ACME-COMPUTER,12/5/2025 16:00:00,278.78
ACME-COMPUTER,12/8/2025 16:00:00,277.89
ACME-COMPUTER,12/9/2025 16:00:00,277.18
ACME-COMPUTER,12/10/2025 16:00:00,278.78
ACME-COMPUTER,12/11/2025 16:00:00,278.03
ACME-COMPUTER,12/12/2025 16:00:00,278.28
ACME-COMPUTER,12/15/2025 16:00:00,274.11
ACME-COMPUTER,12/16/2025 16:00:00,274.61
ACME-COMPUTER,12/17/2025 16:00:00,271.84
ACME-COMPUTER,12/18/2025 16:00:00,272.19
ACME-COMPUTER,12/19/2025 16:00:00,273.67
ACME-COMPUTER,12/22/2025 16:00:00,270.97
ACME-COMPUTER,12/23/2025 16:00:00,272.36
ACME-COMPUTER,12/24/2025 13:05:00,273.81
ACME-COMPUTER,12/26/2025 16:00:00,273.4
ACME-COMPUTER,12/29/2025 16:00:00,273.76
ACME-COMPUTER,12/30/2025 16:00:00,273.08
ACME-COMPUTER,12/31/2025 16:00:00,271.86
ACME-COMPUTER,1/2/2026 16:00:00,271.01
ACME-COMPUTER,1/5/2026 16:00:00,267.26
ACME-COMPUTER,1/6/2026 16:00:00,262.36
ACME-COMPUTER,1/7/2026 16:00:00,260.33
ACME-COMPUTER,1/8/2026 16:00:00,259.04
ACME-COMPUTER,1/9/2026 16:00:00,259.37
ACME-COMPUTER,1/12/2026 16:00:00,260.25
ACME-COMPUTER,1/13/2026 16:00:00,261.05
ACME-COMPUTER,1/14/2026 16:00:00,259.96
ACME-COMPUTER,1/15/2026 16:00:00,258.21
ACME-COMPUTER,1/16/2026 16:00:00,255.53
ACME-COMPUTER,1/20/2026 16:00:00,246.7
ACME-COMPUTER,1/21/2026 16:00:00,247.65
ACME-COMPUTER,1/22/2026 16:00:00,248.35
ACME-COMPUTER,1/23/2026 16:00:00,248.04
ACME-COMPUTER,1/26/2026 16:00:00,255.41
ACME-COMPUTER,1/27/2026 16:00:00,258.27
ACME-COMPUTER,1/28/2026 16:00:00,256.44
ACME-COMPUTER,1/29/2026 16:00:00,258.28
ACME-COMPUTER,1/30/2026 16:00:00,259.48
ACME-COMPUTER,2/2/2026 16:00:00,270.01
ACME-COMPUTER,2/3/2026 16:00:00,269.48
ACME-COMPUTER,2/4/2026 16:00:00,276.49
ACME-COMPUTER,2/5/2026 16:00:00,275.91
ACME-COMPUTER,2/6/2026 16:00:00,278.12
ACME-COMPUTER,2/9/2026 16:00:00,274.62
ACME-COMPUTER,2/10/2026 16:00:00,273.68
ACME-COMPUTER,2/11/2026 16:00:00,275.5
ACME-COMPUTER,2/12/2026 16:00:00,261.73
ACME-COMPUTER,2/13/2026 16:00:00,255.78
ACME-COMPUTER,2/17/2026 16:00:00,263.88
ACME-COMPUTER,2/18/2026 16:00:00,264.35
ACME-COMPUTER,2/19/2026 16:00:00,260.58
ACME-COMPUTER,2/20/2026 16:00:00,264.58
ACME-COMPUTER,2/23/2026 16:00:00,266.18
ACME-COMPUTER,2/24/2026 16:00:00,272.14
ACME-COMPUTER,2/25/2026 16:00:00,274.23
ACME-COMPUTER,2/26/2026 16:00:00,272.95
ACME-COMPUTER,2/27/2026 16:00:00,264.18
ACME-COMPUTER,3/2/2026 16:00:00,264.72
ACME-COMPUTER,3/3/2026 16:00:00,263.75
ACME-COMPUTER,3/4/2026 16:00:00,262.52
ACME-COMPUTER,3/5/2026 16:00:00,260.29
ACME-COMPUTER,3/6/2026 16:00:00,257.46
ACME-COMPUTER,3/9/2026 16:00:00,259.88
ACME-COMPUTER,3/10/2026 16:00:00,260.83
ACME-COMPUTER,3/11/2026 16:00:00,260.81
ACME-COMPUTER,3/12/2026 16:00:00,255.76
ACME-COMPUTER,3/13/2026 16:00:00,250.12
ACME-COMPUTER,3/16/2026 16:00:00,252.82
ACME-COMPUTER,3/17/2026 16:00:00,254.23
ACME-COMPUTER,3/18/2026 16:00:00,249.94
ACME-COMPUTER,3/19/2026 16:00:00,248.96
ACME-COMPUTER,3/20/2026 16:00:00,247.99
ACME-COMPUTER,3/23/2026 16:00:00,251.49
ACME-COMPUTER,3/24/2026 16:00:00,251.64
ACME-COMPUTER,3/25/2026 16:00:00,252.62
ACME-COMPUTER,3/26/2026 16:00:00,252.89
ACME-COMPUTER,3/27/2026 16:00:00,248.8
ACME-COMPUTER,3/30/2026 16:00:00,246.63
ACME-COMPUTER,3/31/2026 16:00:00,253.79
ACME-COMPUTER,4/1/2026 16:00:00,255.63
ACME-COMPUTER,4/2/2026 16:00:00,255.92
ACME-COMPUTER,4/6/2026 16:00:00,258.86
ACME-COMPUTER,4/7/2026 16:00:00,253.5
ACME-COMPUTER,4/8/2026 16:00:00,258.9
ACME-COMPUTER,4/9/2026 16:00:00,260.49
ACME-COMPUTER,4/10/2026 16:00:00,260.48
ACME-COMPUTER,4/13/2026 16:00:00,259.2
ACME-COMPUTER,4/14/2026 16:00:00,258.83
ACME-COMPUTER,4/15/2026 16:00:00,266.43
ACME-COMPUTER,4/16/2026 16:00:00,263.4
ACME-COMPUTER,4/17/2026 16:00:00,270.23
ACME-COMPUTER,4/20/2026 16:00:00,273.05
ACME-COMPUTER,4/21/2026 16:00:00,266.17
ACME-COMPUTER,4/22/2026 16:00:00,273.17
ACME-COMPUTER,4/23/2026 16:00:00,273.43
ACME-COMPUTER,4/24/2026 16:00:00,271.06
ACME-COMPUTER,4/27/2026 16:00:00,267.61
ACME-COMPUTER,4/28/2026 16:00:00,270.71
ACME-COMPUTER,4/29/2026 16:00:00,270.17
ACME-COMPUTER,4/30/2026 16:00:00,271.35
ACME-COMPUTER,5/1/2026 16:00:00,280.14
ACME-COMPUTER,5/4/2026 16:00:00,276.83
ACME-COMPUTER,5/5/2026 16:00:00,284.18
ACME-COMPUTER,5/6/2026 16:00:00,287.51
ACME-COMPUTER,5/7/2026 16:00:00,287.44
ACME-COMPUTER,5/8/2026 16:00:00,293.32
ACME-COMPUTER,5/11/2026 16:00:00,292.68
ACME-COMPUTER,5/12/2026 16:00:00,294.8
ACME-COMPUTER,5/13/2026 16:00:00,298.87
ACME-COMPUTER,5/14/2026 16:00:00,298.21
ACME-COMPUTER,5/15/2026 16:00:00,300.23
ACME-COMPUTER,5/18/2026 16:00:00,297.84
ACME-COMPUTER,5/19/2026 16:00:00,298.97
ACME-COMPUTER,5/20/2026 16:00:00,302.25
ACME-COMPUTER,5/21/2026 16:00:00,304.99
ACME-COMPUTER,5/22/2026 16:00:00,308.82
ACME-COMPUTER,5/26/2026 16:00:00,308.33
ACME-COMPUTER,5/27/2026 16:00:00,310.85
ACME-COMPUTER,5/28/2026 16:00:00,312.51
ACME-COMPUTER,5/29/2026 16:00:00,312.06
ACME-COMPUTER,6/1/2026 16:00:00,306.31
ACME-AI,1/2/2025 16:00:00,138.31
ACME-AI,1/3/2025 16:00:00,144.47
ACME-AI,1/6/2025 16:00:00,149.43
ACME-AI,1/7/2025 16:00:00,140.14
ACME-AI,1/8/2025 16:00:00,140.11
ACME-AI,1/10/2025 16:00:00,135.91
ACME-AI,1/13/2025 16:00:00,133.23
ACME-AI,1/14/2025 16:00:00,131.76
ACME-AI,1/15/2025 16:00:00,136.24
ACME-AI,1/16/2025 16:00:00,133.57
ACME-AI,1/17/2025 16:00:00,137.71
ACME-AI,1/21/2025 16:00:00,140.83
ACME-AI,1/22/2025 16:00:00,147.07
ACME-AI,1/23/2025 16:00:00,147.22
ACME-AI,1/24/2025 16:00:00,142.62
ACME-AI,1/27/2025 16:00:00,118.42
ACME-AI,1/28/2025 16:00:00,128.99
ACME-AI,1/29/2025 16:00:00,123.7
ACME-AI,1/30/2025 16:00:00,124.65
ACME-AI,1/31/2025 16:00:00,120.07
ACME-AI,2/3/2025 16:00:00,116.66
ACME-AI,2/4/2025 16:00:00,118.65
ACME-AI,2/5/2025 16:00:00,124.83
ACME-AI,2/6/2025 16:00:00,128.68
ACME-AI,2/7/2025 16:00:00,129.84
ACME-AI,2/10/2025 16:00:00,133.57
ACME-AI,2/11/2025 16:00:00,132.8
ACME-AI,2/12/2025 16:00:00,131.14
ACME-AI,2/13/2025 16:00:00,135.29
ACME-AI,2/14/2025 16:00:00,138.85
ACME-AI,2/18/2025 16:00:00,139.4
ACME-AI,2/19/2025 16:00:00,139.23
ACME-AI,2/20/2025 16:00:00,140.11
ACME-AI,2/21/2025 16:00:00,134.43
ACME-AI,2/24/2025 16:00:00,130.28
ACME-AI,2/25/2025 16:00:00,126.63
ACME-AI,2/26/2025 16:00:00,131.28
ACME-AI,2/27/2025 16:00:00,120.15
ACME-AI,2/28/2025 16:00:00,124.92
ACME-AI,3/3/2025 16:00:00,114.06
ACME-AI,3/4/2025 16:00:00,115.99
ACME-AI,3/5/2025 16:00:00,117.3
ACME-AI,3/6/2025 16:00:00,110.57
ACME-AI,3/7/2025 16:00:00,112.69
ACME-AI,3/10/2025 16:00:00,106.98
ACME-AI,3/11/2025 16:00:00,108.76
ACME-AI,3/12/2025 16:00:00,115.74
ACME-AI,3/13/2025 16:00:00,115.58
ACME-AI,3/14/2025 16:00:00,121.67
ACME-AI,3/17/2025 16:00:00,119.53
ACME-AI,3/18/2025 16:00:00,115.43
ACME-AI,3/19/2025 16:00:00,117.52
ACME-AI,3/20/2025 16:00:00,118.53
ACME-AI,3/21/2025 16:00:00,117.7
ACME-AI,3/24/2025 16:00:00,121.41
ACME-AI,3/25/2025 16:00:00,120.69
ACME-AI,3/26/2025 16:00:00,113.76
ACME-AI,3/27/2025 16:00:00,111.43
ACME-AI,3/28/2025 16:00:00,109.67
ACME-AI,3/31/2025 16:00:00,108.38
ACME-AI,4/1/2025 16:00:00,110.15
ACME-AI,4/2/2025 16:00:00,110.42
ACME-AI,4/3/2025 16:00:00,101.8
ACME-AI,4/4/2025 16:00:00,94.31
ACME-AI,4/7/2025 16:00:00,97.64
ACME-AI,4/8/2025 16:00:00,96.3
ACME-AI,4/9/2025 16:00:00,114.33
ACME-AI,4/10/2025 16:00:00,107.57
ACME-AI,4/11/2025 16:00:00,110.93
ACME-AI,4/14/2025 16:00:00,110.71
ACME-AI,4/15/2025 16:00:00,112.2
ACME-AI,4/16/2025 16:00:00,104.49
ACME-AI,4/17/2025 16:00:00,101.49
ACME-AI,4/21/2025 16:00:00,96.91
ACME-AI,4/22/2025 16:00:00,98.89
ACME-AI,4/23/2025 16:00:00,102.71
ACME-AI,4/24/2025 16:00:00,106.43
ACME-AI,4/25/2025 16:00:00,111.01
ACME-AI,4/28/2025 16:00:00,108.73
ACME-AI,4/29/2025 16:00:00,109.02
ACME-AI,4/30/2025 16:00:00,108.92
ACME-AI,5/1/2025 16:00:00,111.61
ACME-AI,5/2/2025 16:00:00,114.5
ACME-AI,5/5/2025 16:00:00,113.82
ACME-AI,5/6/2025 16:00:00,113.54
ACME-AI,5/7/2025 16:00:00,117.06
ACME-AI,5/8/2025 16:00:00,117.37
ACME-AI,5/9/2025 16:00:00,116.65
ACME-AI,5/12/2025 16:00:00,123
ACME-AI,5/13/2025 16:00:00,129.93
ACME-AI,5/14/2025 16:00:00,135.34
ACME-AI,5/15/2025 16:00:00,134.83
ACME-AI,5/16/2025 16:00:00,135.4
ACME-AI,5/19/2025 16:00:00,135.57
ACME-AI,5/20/2025 16:00:00,134.38
ACME-AI,5/21/2025 16:00:00,131.8
ACME-AI,5/22/2025 16:00:00,131.8
ACME-AI,5/23/2025 16:00:00,131.29
ACME-AI,5/27/2025 16:00:00,135.5
ACME-AI,5/28/2025 16:00:00,134.81
ACME-AI,5/29/2025 16:00:00,139.19
ACME-AI,5/30/2025 16:00:00,135.13
ACME-AI,6/2/2025 16:00:00,137.38
ACME-AI,6/3/2025 16:00:00,141.22
ACME-AI,6/4/2025 16:00:00,141.92
ACME-AI,6/5/2025 16:00:00,139.99
ACME-AI,6/6/2025 16:00:00,141.72
ACME-AI,6/9/2025 16:00:00,142.63
ACME-AI,6/10/2025 16:00:00,143.96
ACME-AI,6/11/2025 16:00:00,142.83
ACME-AI,6/12/2025 16:00:00,145
ACME-AI,6/13/2025 16:00:00,141.97
ACME-AI,6/16/2025 16:00:00,144.69
ACME-AI,6/17/2025 16:00:00,144.12
ACME-AI,6/18/2025 16:00:00,145.48
ACME-AI,6/20/2025 16:00:00,143.85
ACME-AI,6/23/2025 16:00:00,144.17
ACME-AI,6/24/2025 16:00:00,147.9
ACME-AI,6/25/2025 16:00:00,154.31
ACME-AI,6/26/2025 16:00:00,155.02
ACME-AI,6/27/2025 16:00:00,157.75
ACME-AI,6/30/2025 16:00:00,157.99
ACME-AI,7/1/2025 16:00:00,153.3
ACME-AI,7/2/2025 16:00:00,157.25
ACME-AI,7/3/2025 13:05:00,159.34
ACME-AI,7/7/2025 16:00:00,158.24
ACME-AI,7/8/2025 16:00:00,160
ACME-AI,7/9/2025 16:00:00,162.88
ACME-AI,7/10/2025 16:00:00,164.1
ACME-AI,7/11/2025 16:00:00,164.92
ACME-AI,7/14/2025 16:00:00,164.07
ACME-AI,7/15/2025 16:00:00,170.7
ACME-AI,7/16/2025 16:00:00,171.37
ACME-AI,7/17/2025 16:00:00,173
ACME-AI,7/18/2025 16:00:00,172.41
ACME-AI,7/21/2025 16:00:00,171.38
ACME-AI,7/22/2025 16:00:00,167.03
ACME-AI,7/23/2025 16:00:00,170.78
ACME-AI,7/24/2025 16:00:00,173.74
ACME-AI,7/25/2025 16:00:00,173.5
ACME-AI,7/28/2025 16:00:00,176.75
ACME-AI,7/29/2025 16:00:00,175.51
ACME-AI,7/30/2025 16:00:00,179.27
ACME-AI,7/31/2025 16:00:00,177.87
ACME-AI,8/1/2025 16:00:00,173.72
ACME-AI,8/4/2025 16:00:00,180
ACME-AI,8/5/2025 16:00:00,178.26
ACME-AI,8/6/2025 16:00:00,179.42
ACME-AI,8/7/2025 16:00:00,180.77
ACME-AI,8/8/2025 16:00:00,182.7
ACME-AI,8/11/2025 16:00:00,182.06
ACME-AI,8/12/2025 16:00:00,183.16
ACME-AI,8/13/2025 16:00:00,181.59
ACME-AI,8/14/2025 16:00:00,182.02
ACME-AI,8/15/2025 16:00:00,180.45
ACME-AI,8/18/2025 16:00:00,182.01
ACME-AI,8/19/2025 16:00:00,175.64
ACME-AI,8/20/2025 16:00:00,175.4
ACME-AI,8/21/2025 16:00:00,174.98
ACME-AI,8/22/2025 16:00:00,177.99
ACME-AI,8/25/2025 16:00:00,179.81
ACME-AI,8/26/2025 16:00:00,181.77
ACME-AI,8/27/2025 16:00:00,181.6
ACME-AI,8/28/2025 16:00:00,180.17
ACME-AI,8/29/2025 16:00:00,174.18
ACME-AI,9/2/2025 16:00:00,170.78
ACME-AI,9/3/2025 16:00:00,170.62
ACME-AI,9/4/2025 16:00:00,171.66
ACME-AI,9/5/2025 16:00:00,167.02
ACME-AI,9/8/2025 16:00:00,168.31
ACME-AI,9/9/2025 16:00:00,170.76
ACME-AI,9/10/2025 16:00:00,177.33
ACME-AI,9/11/2025 16:00:00,177.17
ACME-AI,9/12/2025 16:00:00,177.82
ACME-AI,9/15/2025 16:00:00,177.75
ACME-AI,9/16/2025 16:00:00,174.88
ACME-AI,9/17/2025 16:00:00,170.29
ACME-AI,9/18/2025 16:00:00,176.24
ACME-AI,9/19/2025 16:00:00,176.67
ACME-AI,9/22/2025 16:00:00,183.61
ACME-AI,9/23/2025 16:00:00,178.43
ACME-AI,9/24/2025 16:00:00,176.97
ACME-AI,9/25/2025 16:00:00,177.69
ACME-AI,9/26/2025 16:00:00,178.19
ACME-AI,9/29/2025 16:00:00,181.85
ACME-AI,9/30/2025 16:00:00,186.58
ACME-AI,10/1/2025 16:00:00,187.24
ACME-AI,10/2/2025 16:00:00,188.89
ACME-AI,10/3/2025 16:00:00,187.62
ACME-AI,10/6/2025 16:00:00,185.54
ACME-AI,10/7/2025 16:00:00,185.04
ACME-AI,10/8/2025 16:00:00,189.11
ACME-AI,10/9/2025 16:00:00,192.57
ACME-AI,10/10/2025 16:00:00,183.16
ACME-AI,10/13/2025 16:00:00,188.32
ACME-AI,10/14/2025 16:00:00,180.03
ACME-AI,10/15/2025 16:00:00,179.83
ACME-AI,10/16/2025 16:00:00,181.81
ACME-AI,10/17/2025 16:00:00,183.22
ACME-AI,10/20/2025 16:00:00,182.64
ACME-AI,10/21/2025 16:00:00,181.16
ACME-AI,10/22/2025 16:00:00,180.28
ACME-AI,10/23/2025 16:00:00,182.16
ACME-AI,10/24/2025 16:00:00,186.26
ACME-AI,10/27/2025 16:00:00,191.49
ACME-AI,10/28/2025 16:00:00,201.03
ACME-AI,10/29/2025 16:00:00,207.04
ACME-AI,10/30/2025 16:00:00,202.89
ACME-AI,10/31/2025 16:00:00,202.49
ACME-AI,11/3/2025 16:00:00,206.88
ACME-AI,11/4/2025 16:00:00,198.69
ACME-AI,11/5/2025 16:00:00,195.21
ACME-AI,11/6/2025 16:00:00,188.08
ACME-AI,11/7/2025 16:00:00,188.15
ACME-AI,11/10/2025 16:00:00,199.05
ACME-AI,11/11/2025 16:00:00,193.16
ACME-AI,11/12/2025 16:00:00,193.8
ACME-AI,11/13/2025 16:00:00,186.86
ACME-AI,11/14/2025 16:00:00,190.17
ACME-AI,11/17/2025 16:00:00,186.6
ACME-AI,11/18/2025 16:00:00,181.36
ACME-AI,11/19/2025 16:00:00,186.52
ACME-AI,11/20/2025 16:00:00,180.64
ACME-AI,11/21/2025 16:00:00,178.88
ACME-AI,11/24/2025 16:00:00,182.55
ACME-AI,11/25/2025 16:00:00,177.82
ACME-AI,11/26/2025 16:00:00,180.26
ACME-AI,11/28/2025 13:05:00,177
ACME-AI,12/1/2025 16:00:00,179.92
ACME-AI,12/2/2025 16:00:00,181.46
ACME-AI,12/3/2025 16:00:00,179.59
ACME-AI,12/4/2025 16:00:00,183.38
ACME-AI,12/5/2025 16:00:00,182.41
ACME-AI,12/8/2025 16:00:00,185.55
ACME-AI,12/9/2025 16:00:00,184.97
ACME-AI,12/10/2025 16:00:00,183.78
ACME-AI,12/11/2025 16:00:00,180.93
ACME-AI,12/12/2025 16:00:00,175.02
ACME-AI,12/15/2025 16:00:00,176.29
ACME-AI,12/16/2025 16:00:00,177.72
ACME-AI,12/17/2025 16:00:00,170.94
ACME-AI,12/18/2025 16:00:00,174.14
ACME-AI,12/19/2025 16:00:00,180.99
ACME-AI,12/22/2025 16:00:00,183.69
ACME-AI,12/23/2025 16:00:00,189.21
ACME-AI,12/24/2025 13:05:00,188.61
ACME-AI,12/26/2025 16:00:00,190.53
ACME-AI,12/29/2025 16:00:00,188.22
ACME-AI,12/30/2025 16:00:00,187.54
ACME-AI,12/31/2025 16:00:00,186.5
ACME-AI,1/2/2026 16:00:00,188.85
ACME-AI,1/5/2026 16:00:00,188.12
ACME-AI,1/6/2026 16:00:00,187.24
ACME-AI,1/7/2026 16:00:00,189.11
ACME-AI,1/8/2026 16:00:00,185.04
ACME-AI,1/9/2026 16:00:00,184.86
ACME-AI,1/12/2026 16:00:00,184.94
ACME-AI,1/13/2026 16:00:00,185.81
ACME-AI,1/14/2026 16:00:00,183.14
ACME-AI,1/15/2026 16:00:00,187.05
ACME-AI,1/16/2026 16:00:00,186.23
ACME-AI,1/20/2026 16:00:00,178.07
ACME-AI,1/21/2026 16:00:00,183.32
ACME-AI,1/22/2026 16:00:00,184.84
ACME-AI,1/23/2026 16:00:00,187.67
ACME-AI,1/26/2026 16:00:00,186.47
ACME-AI,1/27/2026 16:00:00,188.52
ACME-AI,1/28/2026 16:00:00,191.52
ACME-AI,1/29/2026 16:00:00,192.51
ACME-AI,1/30/2026 16:00:00,191.13
ACME-AI,2/2/2026 16:00:00,185.61
ACME-AI,2/3/2026 16:00:00,180.34
ACME-AI,2/4/2026 16:00:00,174.19
ACME-AI,2/5/2026 16:00:00,171.88
ACME-AI,2/6/2026 16:00:00,185.41
ACME-AI,2/9/2026 16:00:00,190.04
ACME-AI,2/10/2026 16:00:00,188.54
ACME-AI,2/11/2026 16:00:00,190.05
ACME-AI,2/12/2026 16:00:00,186.94
ACME-AI,2/13/2026 16:00:00,182.81
ACME-AI,2/17/2026 16:00:00,184.97
ACME-AI,2/18/2026 16:00:00,187.98
ACME-AI,2/19/2026 16:00:00,187.9
ACME-AI,2/20/2026 16:00:00,189.82
ACME-AI,2/23/2026 16:00:00,191.55
ACME-AI,2/24/2026 16:00:00,192.85
ACME-AI,2/25/2026 16:00:00,195.56
ACME-AI,2/26/2026 16:00:00,184.89
ACME-AI,2/27/2026 16:00:00,177.19
ACME-AI,3/2/2026 16:00:00,182.48
ACME-AI,3/3/2026 16:00:00,180.05
ACME-AI,3/4/2026 16:00:00,183.04
ACME-AI,3/5/2026 16:00:00,183.34
ACME-AI,3/6/2026 16:00:00,177.82
ACME-AI,3/9/2026 16:00:00,182.65
ACME-AI,3/10/2026 16:00:00,184.77
ACME-AI,3/11/2026 16:00:00,186.03
ACME-AI,3/12/2026 16:00:00,183.14
ACME-AI,3/13/2026 16:00:00,180.25
ACME-AI,3/16/2026 16:00:00,183.22
ACME-AI,3/17/2026 16:00:00,181.93
ACME-AI,3/18/2026 16:00:00,180.4
ACME-AI,3/19/2026 16:00:00,178.56
ACME-AI,3/20/2026 16:00:00,172.7
ACME-AI,3/23/2026 16:00:00,175.64
ACME-AI,3/24/2026 16:00:00,175.2
ACME-AI,3/25/2026 16:00:00,178.68
ACME-AI,3/26/2026 16:00:00,171.24
ACME-AI,3/27/2026 16:00:00,167.52
ACME-AI,3/30/2026 16:00:00,165.17
ACME-AI,3/31/2026 16:00:00,174.4
ACME-AI,4/1/2026 16:00:00,175.75
ACME-AI,4/2/2026 16:00:00,177.39
ACME-AI,4/6/2026 16:00:00,177.64
ACME-AI,4/7/2026 16:00:00,178.1
ACME-AI,4/8/2026 16:00:00,182.08
ACME-AI,4/9/2026 16:00:00,183.91
ACME-AI,4/10/2026 16:00:00,188.63
ACME-AI,4/13/2026 16:00:00,189.31
ACME-AI,4/14/2026 16:00:00,196.51
ACME-AI,4/15/2026 16:00:00,198.87
ACME-AI,4/16/2026 16:00:00,198.35
ACME-AI,4/17/2026 16:00:00,201.68
ACME-AI,4/20/2026 16:00:00,202.06
ACME-AI,4/21/2026 16:00:00,199.88
ACME-AI,4/22/2026 16:00:00,202.5
ACME-AI,4/23/2026 16:00:00,199.64
ACME-AI,4/24/2026 16:00:00,208.27
ACME-AI,4/27/2026 16:00:00,216.61
ACME-AI,4/28/2026 16:00:00,213.17
ACME-AI,4/29/2026 16:00:00,209.25
ACME-AI,4/30/2026 16:00:00,199.57
ACME-AI,5/1/2026 16:00:00,198.45
ACME-AI,5/4/2026 16:00:00,198.48
ACME-AI,5/5/2026 16:00:00,196.5
ACME-AI,5/6/2026 16:00:00,207.83
ACME-AI,5/7/2026 16:00:00,211.5
ACME-AI,5/8/2026 16:00:00,215.2
ACME-AI,5/11/2026 16:00:00,219.44
ACME-AI,5/12/2026 16:00:00,220.78
ACME-AI,5/13/2026 16:00:00,225.83
ACME-AI,5/14/2026 16:00:00,235.74
ACME-AI,5/15/2026 16:00:00,225.32
ACME-AI,5/18/2026 16:00:00,222.32
ACME-AI,5/19/2026 16:00:00,220.61
ACME-AI,5/20/2026 16:00:00,223.47
ACME-AI,5/21/2026 16:00:00,219.51
ACME-AI,5/22/2026 16:00:00,215.33
ACME-AI,5/26/2026 16:00:00,214.86
ACME-AI,5/27/2026 16:00:00,212.6
ACME-AI,5/28/2026 16:00:00,214.25
ACME-AI,5/29/2026 16:00:00,211.14
ACME-AI,6/1/2026 16:00:00,224.36
ACME-ML,1/2/2025 16:00:00,138.31
ACME-ML,1/3/2025 16:00:00,144.47
ACME-ML,1/6/2025 16:00:00,149.43
ACME-ML,1/7/2025 16:00:00,140.14
ACME-ML,1/8/2025 16:00:00,140.11
ACME-ML,1/10/2025 16:00:00,135.91
ACME-ML,1/13/2025 16:00:00,133.23
ACME-ML,1/14/2025 16:00:00,131.76
ACME-ML,1/15/2025 16:00:00,136.24
ACME-ML,1/16/2025 16:00:00,133.57
ACME-ML,1/17/2025 16:00:00,137.71
ACME-ML,1/21/2025 16:00:00,140.83
ACME-ML,1/22/2025 16:00:00,147.07
ACME-ML,1/23/2025 16:00:00,147.22
ACME-ML,1/24/2025 16:00:00,142.62
ACME-ML,1/27/2025 16:00:00,118.42
ACME-ML,1/28/2025 16:00:00,128.99
ACME-ML,1/29/2025 16:00:00,123.7
ACME-ML,1/30/2025 16:00:00,124.65
ACME-ML,1/31/2025 16:00:00,120.07
ACME-ML,2/3/2025 16:00:00,116.66
ACME-ML,2/4/2025 16:00:00,118.65
ACME-ML,2/5/2025 16:00:00,124.83
ACME-ML,2/6/2025 16:00:00,128.68
ACME-ML,2/7/2025 16:00:00,129.84
ACME-ML,2/10/2025 16:00:00,133.57
ACME-ML,2/11/2025 16:00:00,132.8
ACME-ML,2/12/2025 16:00:00,131.14
ACME-ML,2/13/2025 16:00:00,135.29
ACME-ML,2/14/2025 16:00:00,138.85
ACME-ML,2/18/2025 16:00:00,139.4
ACME-ML,2/19/2025 16:00:00,139.23
ACME-ML,2/20/2025 16:00:00,140.11
ACME-ML,2/21/2025 16:00:00,134.43
ACME-ML,2/24/2025 16:00:00,130.28
ACME-ML,2/25/2025 16:00:00,126.63
ACME-ML,2/26/2025 16:00:00,131.28
ACME-ML,2/27/2025 16:00:00,120.15
ACME-ML,2/28/2025 16:00:00,124.92
ACME-ML,3/3/2025 16:00:00,114.06
ACME-ML,3/4/2025 16:00:00,115.99
ACME-ML,3/5/2025 16:00:00,117.3
ACME-ML,3/6/2025 16:00:00,110.57
ACME-ML,3/7/2025 16:00:00,112.69
ACME-ML,3/10/2025 16:00:00,106.98
ACME-ML,3/11/2025 16:00:00,108.76
ACME-ML,3/12/2025 16:00:00,115.74
ACME-ML,3/13/2025 16:00:00,115.58
ACME-ML,3/14/2025 16:00:00,121.67
ACME-ML,3/17/2025 16:00:00,119.53
ACME-ML,3/18/2025 16:00:00,115.43
ACME-ML,3/19/2025 16:00:00,117.52
ACME-ML,3/20/2025 16:00:00,118.53
ACME-ML,3/21/2025 16:00:00,117.7
ACME-ML,3/24/2025 16:00:00,121.41
ACME-ML,3/25/2025 16:00:00,120.69
ACME-ML,3/26/2025 16:00:00,113.76
ACME-ML,3/27/2025 16:00:00,111.43
ACME-ML,3/28/2025 16:00:00,109.67
ACME-ML,3/31/2025 16:00:00,108.38
ACME-ML,4/1/2025 16:00:00,110.15
ACME-ML,4/2/2025 16:00:00,110.42
ACME-ML,4/3/2025 16:00:00,101.8
ACME-ML,4/4/2025 16:00:00,94.31
ACME-ML,4/7/2025 16:00:00,97.64
ACME-ML,4/8/2025 16:00:00,96.3
ACME-ML,4/9/2025 16:00:00,114.33
ACME-ML,4/10/2025 16:00:00,107.57
ACME-ML,4/11/2025 16:00:00,110.93
ACME-ML,4/14/2025 16:00:00,110.71
ACME-ML,4/15/2025 16:00:00,112.2
ACME-ML,4/16/2025 16:00:00,104.49
ACME-ML,4/17/2025 16:00:00,101.49
ACME-ML,4/21/2025 16:00:00,96.91
ACME-ML,4/22/2025 16:00:00,98.89
ACME-ML,4/23/2025 16:00:00,102.71
ACME-ML,4/24/2025 16:00:00,106.43
ACME-ML,4/25/2025 16:00:00,111.01
ACME-ML,4/28/2025 16:00:00,108.73
ACME-ML,4/29/2025 16:00:00,109.02
ACME-ML,4/30/2025 16:00:00,108.92
ACME-ML,5/1/2025 16:00:00,111.61
ACME-ML,5/2/2025 16:00:00,114.5
ACME-ML,5/5/2025 16:00:00,113.82
ACME-ML,5/6/2025 16:00:00,113.54
ACME-ML,5/7/2025 16:00:00,117.06
ACME-ML,5/8/2025 16:00:00,117.37
ACME-ML,5/9/2025 16:00:00,116.65
ACME-ML,5/12/2025 16:00:00,123
ACME-ML,5/13/2025 16:00:00,129.93
ACME-ML,5/14/2025 16:00:00,135.34
ACME-ML,5/15/2025 16:00:00,134.83
ACME-ML,5/16/2025 16:00:00,135.4
ACME-ML,5/19/2025 16:00:00,135.57
ACME-ML,5/20/2025 16:00:00,134.38
ACME-ML,5/21/2025 16:00:00,131.8
ACME-ML,5/22/2025 16:00:00,131.8
ACME-ML,5/23/2025 16:00:00,131.29
ACME-ML,5/27/2025 16:00:00,135.5
ACME-ML,5/28/2025 16:00:00,134.81
ACME-ML,5/29/2025 16:00:00,139.19
ACME-ML,5/30/2025 16:00:00,135.13
ACME-ML,6/2/2025 16:00:00,137.38
ACME-ML,6/3/2025 16:00:00,141.22
ACME-ML,6/4/2025 16:00:00,141.92
ACME-ML,6/5/2025 16:00:00,139.99
ACME-ML,6/6/2025 16:00:00,141.72
ACME-ML,6/9/2025 16:00:00,142.63
ACME-ML,6/10/2025 16:00:00,143.96
ACME-ML,6/11/2025 16:00:00,142.83
ACME-ML,6/12/2025 16:00:00,145
ACME-ML,6/13/2025 16:00:00,141.97
ACME-ML,6/16/2025 16:00:00,144.69
ACME-ML,6/17/2025 16:00:00,144.12
ACME-ML,6/18/2025 16:00:00,145.48
ACME-ML,6/20/2025 16:00:00,143.85
ACME-ML,6/23/2025 16:00:00,144.17
ACME-ML,6/24/2025 16:00:00,147.9
ACME-ML,6/25/2025 16:00:00,154.31
ACME-ML,6/26/2025 16:00:00,155.02
ACME-ML,6/27/2025 16:00:00,157.75
ACME-ML,6/30/2025 16:00:00,157.99
ACME-ML,7/1/2025 16:00:00,153.3
ACME-ML,7/2/2025 16:00:00,157.25
ACME-ML,7/3/2025 13:05:00,159.34
ACME-ML,7/7/2025 16:00:00,158.24
ACME-ML,7/8/2025 16:00:00,160
ACME-ML,7/9/2025 16:00:00,162.88
ACME-ML,7/10/2025 16:00:00,164.1
ACME-ML,7/11/2025 16:00:00,164.92
ACME-ML,7/14/2025 16:00:00,164.07
ACME-ML,7/15/2025 16:00:00,170.7
ACME-ML,7/16/2025 16:00:00,171.37
ACME-ML,7/17/2025 16:00:00,173
ACME-ML,7/18/2025 16:00:00,172.41
ACME-ML,7/21/2025 16:00:00,171.38
ACME-ML,7/22/2025 16:00:00,167.03
ACME-ML,7/23/2025 16:00:00,170.78
ACME-ML,7/24/2025 16:00:00,173.74
ACME-ML,7/25/2025 16:00:00,173.5
ACME-ML,7/28/2025 16:00:00,176.75
ACME-ML,7/29/2025 16:00:00,175.51
ACME-ML,7/30/2025 16:00:00,179.27
ACME-ML,7/31/2025 16:00:00,177.87
ACME-ML,8/1/2025 16:00:00,173.72
ACME-ML,8/4/2025 16:00:00,180
ACME-ML,8/5/2025 16:00:00,178.26
ACME-ML,8/6/2025 16:00:00,179.42
ACME-ML,8/7/2025 16:00:00,180.77
ACME-ML,8/8/2025 16:00:00,182.7
ACME-ML,8/11/2025 16:00:00,182.06
ACME-ML,8/12/2025 16:00:00,183.16
ACME-ML,8/13/2025 16:00:00,181.59
ACME-ML,8/14/2025 16:00:00,182.02
ACME-ML,8/15/2025 16:00:00,180.45
ACME-ML,8/18/2025 16:00:00,182.01
ACME-ML,8/19/2025 16:00:00,175.64
ACME-ML,8/20/2025 16:00:00,175.4
ACME-ML,8/21/2025 16:00:00,174.98
ACME-ML,8/22/2025 16:00:00,177.99
ACME-ML,8/25/2025 16:00:00,179.81
ACME-ML,8/26/2025 16:00:00,181.77
ACME-ML,8/27/2025 16:00:00,181.6
ACME-ML,8/28/2025 16:00:00,180.17
ACME-ML,8/29/2025 16:00:00,174.18
ACME-ML,9/2/2025 16:00:00,170.78
ACME-ML,9/3/2025 16:00:00,170.62
ACME-ML,9/4/2025 16:00:00,171.66
ACME-ML,9/5/2025 16:00:00,167.02
ACME-ML,9/8/2025 16:00:00,168.31
ACME-ML,9/9/2025 16:00:00,170.76
ACME-ML,9/10/2025 16:00:00,177.33
ACME-ML,9/11/2025 16:00:00,177.17
ACME-ML,9/12/2025 16:00:00,177.82
ACME-ML,9/15/2025 16:00:00,177.75
ACME-ML,9/16/2025 16:00:00,174.88
ACME-ML,9/17/2025 16:00:00,170.29
ACME-ML,9/18/2025 16:00:00,176.24
ACME-ML,9/19/2025 16:00:00,176.67
ACME-ML,9/22/2025 16:00:00,183.61
ACME-ML,9/23/2025 16:00:00,178.43
ACME-ML,9/24/2025 16:00:00,176.97
ACME-ML,9/25/2025 16:00:00,177.69
ACME-ML,9/26/2025 16:00:00,178.19
ACME-ML,9/29/2025 16:00:00,181.85
ACME-ML,9/30/2025 16:00:00,186.58
ACME-ML,10/1/2025 16:00:00,187.24
ACME-ML,10/2/2025 16:00:00,188.89
ACME-ML,10/3/2025 16:00:00,187.62
ACME-ML,10/6/2025 16:00:00,185.54
ACME-ML,10/7/2025 16:00:00,185.04
ACME-ML,10/8/2025 16:00:00,189.11
ACME-ML,10/9/2025 16:00:00,192.57
ACME-ML,10/10/2025 16:00:00,183.16
ACME-ML,10/13/2025 16:00:00,188.32
ACME-ML,10/14/2025 16:00:00,180.03
ACME-ML,10/15/2025 16:00:00,179.83
ACME-ML,10/16/2025 16:00:00,181.81
ACME-ML,10/17/2025 16:00:00,183.22
ACME-ML,10/20/2025 16:00:00,182.64
ACME-ML,10/21/2025 16:00:00,181.16
ACME-ML,10/22/2025 16:00:00,180.28
ACME-ML,10/23/2025 16:00:00,182.16
ACME-ML,10/24/2025 16:00:00,186.26
ACME-ML,10/27/2025 16:00:00,191.49
ACME-ML,10/28/2025 16:00:00,201.03
ACME-ML,10/29/2025 16:00:00,207.04
ACME-ML,10/30/2025 16:00:00,202.89
ACME-ML,10/31/2025 16:00:00,202.49
ACME-ML,11/3/2025 16:00:00,206.88
ACME-ML,11/4/2025 16:00:00,198.69
ACME-ML,11/5/2025 16:00:00,195.21
ACME-ML,11/6/2025 16:00:00,188.08
ACME-ML,11/7/2025 16:00:00,188.15
ACME-ML,11/10/2025 16:00:00,199.05
ACME-ML,11/11/2025 16:00:00,193.16
ACME-ML,11/12/2025 16:00:00,193.8
ACME-ML,11/13/2025 16:00:00,186.86
ACME-ML,11/14/2025 16:00:00,190.17
ACME-ML,11/17/2025 16:00:00,186.6
ACME-ML,11/18/2025 16:00:00,181.36
ACME-ML,11/19/2025 16:00:00,186.52
ACME-ML,11/20/2025 16:00:00,180.64
ACME-ML,11/21/2025 16:00:00,178.88
ACME-ML,11/24/2025 16:00:00,182.55
ACME-ML,11/25/2025 16:00:00,177.82
ACME-ML,11/26/2025 16:00:00,180.26
ACME-ML,11/28/2025 13:05:00,177
ACME-ML,12/1/2025 16:00:00,179.92
ACME-ML,12/2/2025 16:00:00,181.46
ACME-ML,12/3/2025 16:00:00,179.59
ACME-ML,12/4/2025 16:00:00,183.38
ACME-ML,12/5/2025 16:00:00,182.41
ACME-ML,12/8/2025 16:00:00,185.55
ACME-ML,12/9/2025 16:00:00,184.97
ACME-ML,12/10/2025 16:00:00,183.78
ACME-ML,12/11/2025 16:00:00,180.93
ACME-ML,12/12/2025 16:00:00,175.02
ACME-ML,12/15/2025 16:00:00,176.29
ACME-ML,12/16/2025 16:00:00,177.72
ACME-ML,12/17/2025 16:00:00,170.94
ACME-ML,12/18/2025 16:00:00,174.14
ACME-ML,12/19/2025 16:00:00,180.99
ACME-ML,12/22/2025 16:00:00,183.69
ACME-ML,12/23/2025 16:00:00,189.21
ACME-ML,12/24/2025 13:05:00,188.61
ACME-ML,12/26/2025 16:00:00,190.53
ACME-ML,12/29/2025 16:00:00,188.22
ACME-ML,12/30/2025 16:00:00,187.54
ACME-ML,12/31/2025 16:00:00,186.5
ACME-ML,1/2/2026 16:00:00,188.85
ACME-ML,1/5/2026 16:00:00,188.12
ACME-ML,1/6/2026 16:00:00,187.24
ACME-ML,1/7/2026 16:00:00,189.11
ACME-ML,1/8/2026 16:00:00,185.04
ACME-ML,1/9/2026 16:00:00,184.86
ACME-ML,1/12/2026 16:00:00,184.94
ACME-ML,1/13/2026 16:00:00,185.81
ACME-ML,1/14/2026 16:00:00,183.14
ACME-ML,1/15/2026 16:00:00,187.05
ACME-ML,1/16/2026 16:00:00,186.23
ACME-ML,1/20/2026 16:00:00,178.07
ACME-ML,1/21/2026 16:00:00,183.32
ACME-ML,1/22/2026 16:00:00,184.84
ACME-ML,1/23/2026 16:00:00,187.67
ACME-ML,1/26/2026 16:00:00,186.47
ACME-ML,1/27/2026 16:00:00,188.52
ACME-ML,1/28/2026 16:00:00,191.52
ACME-ML,1/29/2026 16:00:00,192.51
ACME-ML,1/30/2026 16:00:00,191.13
ACME-ML,2/2/2026 16:00:00,185.61
ACME-ML,2/3/2026 16:00:00,180.34
ACME-ML,2/4/2026 16:00:00,174.19
ACME-ML,2/5/2026 16:00:00,171.88
ACME-ML,2/6/2026 16:00:00,185.41
ACME-ML,2/9/2026 16:00:00,190.04
ACME-ML,2/10/2026 16:00:00,188.54
ACME-ML,2/11/2026 16:00:00,190.05
ACME-ML,2/12/2026 16:00:00,186.94
ACME-ML,2/13/2026 16:00:00,182.81
ACME-ML,2/17/2026 16:00:00,184.97
ACME-ML,2/18/2026 16:00:00,187.98
ACME-ML,2/19/2026 16:00:00,187.9
ACME-ML,2/20/2026 16:00:00,189.82
ACME-ML,2/23/2026 16:00:00,191.55
ACME-ML,2/24/2026 16:00:00,192.85
ACME-ML,2/25/2026 16:00:00,195.56
ACME-ML,2/26/2026 16:00:00,184.89
ACME-ML,2/27/2026 16:00:00,177.19
ACME-ML,3/2/2026 16:00:00,182.48
ACME-ML,3/3/2026 16:00:00,180.05
ACME-ML,3/4/2026 16:00:00,183.04
ACME-ML,3/5/2026 16:00:00,183.34
ACME-ML,3/6/2026 16:00:00,177.82
ACME-ML,3/9/2026 16:00:00,182.65
ACME-ML,3/10/2026 16:00:00,184.77
ACME-ML,3/11/2026 16:00:00,186.03
ACME-ML,3/12/2026 16:00:00,183.14
ACME-ML,3/13/2026 16:00:00,180.25
ACME-ML,3/16/2026 16:00:00,183.22
ACME-ML,3/17/2026 16:00:00,181.93
ACME-ML,3/18/2026 16:00:00,180.4
ACME-ML,3/19/2026 16:00:00,178.56
ACME-ML,3/20/2026 16:00:00,172.7
ACME-ML,3/23/2026 16:00:00,175.64
ACME-ML,3/24/2026 16:00:00,175.2
ACME-ML,3/25/2026 16:00:00,178.68
ACME-ML,3/26/2026 16:00:00,171.24
ACME-ML,3/27/2026 16:00:00,167.52
ACME-ML,3/30/2026 16:00:00,165.17
ACME-ML,3/31/2026 16:00:00,174.4
ACME-ML,4/1/2026 16:00:00,175.75
ACME-ML,4/2/2026 16:00:00,177.39
ACME-ML,4/6/2026 16:00:00,177.64
ACME-ML,4/7/2026 16:00:00,178.1
ACME-ML,4/8/2026 16:00:00,182.08
ACME-ML,4/9/2026 16:00:00,183.91
ACME-ML,4/10/2026 16:00:00,188.63
ACME-ML,4/13/2026 16:00:00,189.31
ACME-ML,4/14/2026 16:00:00,196.51
ACME-ML,4/15/2026 16:00:00,198.87
ACME-ML,4/16/2026 16:00:00,198.35
ACME-ML,4/17/2026 16:00:00,201.68
ACME-ML,4/20/2026 16:00:00,202.06
ACME-ML,4/21/2026 16:00:00,199.88
ACME-ML,4/22/2026 16:00:00,202.5
ACME-ML,4/23/2026 16:00:00,199.64
ACME-ML,4/24/2026 16:00:00,208.27
ACME-ML,4/27/2026 16:00:00,216.61
ACME-ML,4/28/2026 16:00:00,213.17
ACME-ML,4/29/2026 16:00:00,209.25
ACME-ML,4/30/2026 16:00:00,199.57
ACME-ML,5/1/2026 16:00:00,198.45
ACME-ML,5/4/2026 16:00:00,198.48
ACME-ML,5/5/2026 16:00:00,196.5
ACME-ML,5/6/2026 16:00:00,207.83
ACME-ML,5/7/2026 16:00:00,211.5
ACME-ML,5/8/2026 16:00:00,215.2
ACME-ML,5/11/2026 16:00:00,219.44
ACME-ML,5/12/2026 16:00:00,220.78
ACME-ML,5/13/2026 16:00:00,225.83
ACME-ML,5/14/2026 16:00:00,235.74
ACME-ML,5/15/2026 16:00:00,225.32
ACME-ML,5/18/2026 16:00:00,222.32
ACME-ML,5/19/2026 16:00:00,220.61
ACME-ML,5/20/2026 16:00:00,223.47
ACME-ML,5/21/2026 16:00:00,219.51
ACME-ML,5/22/2026 16:00:00,215.33
ACME-ML,5/26/2026 16:00:00,214.86
ACME-ML,5/27/2026 16:00:00,212.6
ACME-ML,5/28/2026 16:00:00,214.25
ACME-ML,5/29/2026 16:00:00,211.14
ACME-ML,6/1/2026 16:00:00,224.36
ACME-DL,1/2/2025 16:00:00,138.31
ACME-DL,1/3/2025 16:00:00,144.47
ACME-DL,1/6/2025 16:00:00,149.43
ACME-DL,1/7/2025 16:00:00,140.14
ACME-DL,1/8/2025 16:00:00,140.11
ACME-DL,1/10/2025 16:00:00,135.91
ACME-DL,1/13/2025 16:00:00,133.23
ACME-DL,1/14/2025 16:00:00,131.76
ACME-DL,1/15/2025 16:00:00,136.24
ACME-DL,1/16/2025 16:00:00,133.57
ACME-DL,1/17/2025 16:00:00,137.71
ACME-DL,1/21/2025 16:00:00,140.83
ACME-DL,1/22/2025 16:00:00,147.07
ACME-DL,1/23/2025 16:00:00,147.22
ACME-DL,1/24/2025 16:00:00,142.62
ACME-DL,1/27/2025 16:00:00,118.42
ACME-DL,1/28/2025 16:00:00,128.99
ACME-DL,1/29/2025 16:00:00,123.7
ACME-DL,1/30/2025 16:00:00,124.65
ACME-DL,1/31/2025 16:00:00,120.07
ACME-DL,2/3/2025 16:00:00,116.66
ACME-DL,2/4/2025 16:00:00,118.65
ACME-DL,2/5/2025 16:00:00,124.83
ACME-DL,2/6/2025 16:00:00,128.68
ACME-DL,2/7/2025 16:00:00,129.84
ACME-DL,2/10/2025 16:00:00,133.57
ACME-DL,2/11/2025 16:00:00,132.8
ACME-DL,2/12/2025 16:00:00,131.14
ACME-DL,2/13/2025 16:00:00,135.29
ACME-DL,2/14/2025 16:00:00,138.85
ACME-DL,2/18/2025 16:00:00,139.4
ACME-DL,2/19/2025 16:00:00,139.23
ACME-DL,2/20/2025 16:00:00,140.11
ACME-DL,2/21/2025 16:00:00,134.43
ACME-DL,2/24/2025 16:00:00,130.28
ACME-DL,2/25/2025 16:00:00,126.63
ACME-DL,2/26/2025 16:00:00,131.28
ACME-DL,2/27/2025 16:00:00,120.15
ACME-DL,2/28/2025 16:00:00,124.92
ACME-DL,3/3/2025 16:00:00,114.06
ACME-DL,3/4/2025 16:00:00,115.99
ACME-DL,3/5/2025 16:00:00,117.3
ACME-DL,3/6/2025 16:00:00,110.57
ACME-DL,3/7/2025 16:00:00,112.69
ACME-DL,3/10/2025 16:00:00,106.98
ACME-DL,3/11/2025 16:00:00,108.76
ACME-DL,3/12/2025 16:00:00,115.74
ACME-DL,3/13/2025 16:00:00,115.58
ACME-DL,3/14/2025 16:00:00,121.67
ACME-DL,3/17/2025 16:00:00,119.53
ACME-DL,3/18/2025 16:00:00,115.43
ACME-DL,3/19/2025 16:00:00,117.52
ACME-DL,3/20/2025 16:00:00,118.53
ACME-DL,3/21/2025 16:00:00,117.7
ACME-DL,3/24/2025 16:00:00,121.41
ACME-DL,3/25/2025 16:00:00,120.69
ACME-DL,3/26/2025 16:00:00,113.76
ACME-DL,3/27/2025 16:00:00,111.43
ACME-DL,3/28/2025 16:00:00,109.67
ACME-DL,3/31/2025 16:00:00,108.38
ACME-DL,4/1/2025 16:00:00,110.15
ACME-DL,4/2/2025 16:00:00,110.42
ACME-DL,4/3/2025 16:00:00,101.8
ACME-DL,4/4/2025 16:00:00,94.31
ACME-DL,4/7/2025 16:00:00,97.64
ACME-DL,4/8/2025 16:00:00,96.3
ACME-DL,4/9/2025 16:00:00,114.33
ACME-DL,4/10/2025 16:00:00,107.57
ACME-DL,4/11/2025 16:00:00,110.93
ACME-DL,4/14/2025 16:00:00,110.71
ACME-DL,4/15/2025 16:00:00,112.2
ACME-DL,4/16/2025 16:00:00,104.49
ACME-DL,4/17/2025 16:00:00,101.49
ACME-DL,4/21/2025 16:00:00,96.91
ACME-DL,4/22/2025 16:00:00,98.89
ACME-DL,4/23/2025 16:00:00,102.71
ACME-DL,4/24/2025 16:00:00,106.43
ACME-DL,4/25/2025 16:00:00,111.01
ACME-DL,4/28/2025 16:00:00,108.73
ACME-DL,4/29/2025 16:00:00,109.02
ACME-DL,4/30/2025 16:00:00,108.92
ACME-DL,5/1/2025 16:00:00,111.61
ACME-DL,5/2/2025 16:00:00,114.5
ACME-DL,5/5/2025 16:00:00,113.82
ACME-DL,5/6/2025 16:00:00,113.54
ACME-DL,5/7/2025 16:00:00,117.06
ACME-DL,5/8/2025 16:00:00,117.37
ACME-DL,5/9/2025 16:00:00,116.65
ACME-DL,5/12/2025 16:00:00,123
ACME-DL,5/13/2025 16:00:00,129.93
ACME-DL,5/14/2025 16:00:00,135.34
ACME-DL,5/15/2025 16:00:00,134.83
ACME-DL,5/16/2025 16:00:00,135.4
ACME-DL,5/19/2025 16:00:00,135.57
ACME-DL,5/20/2025 16:00:00,134.38
ACME-DL,5/21/2025 16:00:00,131.8
ACME-DL,5/22/2025 16:00:00,131.8
ACME-DL,5/23/2025 16:00:00,131.29
ACME-DL,5/27/2025 16:00:00,135.5
ACME-DL,5/28/2025 16:00:00,134.81
ACME-DL,5/29/2025 16:00:00,139.19
ACME-DL,5/30/2025 16:00:00,135.13
ACME-DL,6/2/2025 16:00:00,137.38
ACME-DL,6/3/2025 16:00:00,141.22
ACME-DL,6/4/2025 16:00:00,141.92
ACME-DL,6/5/2025 16:00:00,139.99
ACME-DL,6/6/2025 16:00:00,141.72
ACME-DL,6/9/2025 16:00:00,142.63
ACME-DL,6/10/2025 16:00:00,143.96
ACME-DL,6/11/2025 16:00:00,142.83
ACME-DL,6/12/2025 16:00:00,145
ACME-DL,6/13/2025 16:00:00,141.97
ACME-DL,6/16/2025 16:00:00,144.69
ACME-DL,6/17/2025 16:00:00,144.12
ACME-DL,6/18/2025 16:00:00,145.48
ACME-DL,6/20/2025 16:00:00,143.85
ACME-DL,6/23/2025 16:00:00,144.17
ACME-DL,6/24/2025 16:00:00,147.9
ACME-DL,6/25/2025 16:00:00,154.31
ACME-DL,6/26/2025 16:00:00,155.02
ACME-DL,6/27/2025 16:00:00,157.75
ACME-DL,6/30/2025 16:00:00,157.99
ACME-DL,7/1/2025 16:00:00,153.3
ACME-DL,7/2/2025 16:00:00,157.25
ACME-DL,7/3/2025 13:05:00,159.34
ACME-DL,7/7/2025 16:00:00,158.24
ACME-DL,7/8/2025 16:00:00,160
ACME-DL,7/9/2025 16:00:00,162.88
ACME-DL,7/10/2025 16:00:00,164.1
ACME-DL,7/11/2025 16:00:00,164.92
ACME-DL,7/14/2025 16:00:00,164.07
ACME-DL,7/15/2025 16:00:00,170.7
ACME-DL,7/16/2025 16:00:00,171.37
ACME-DL,7/17/2025 16:00:00,173
ACME-DL,7/18/2025 16:00:00,172.41
ACME-DL,7/21/2025 16:00:00,171.38
ACME-DL,7/22/2025 16:00:00,167.03
ACME-DL,7/23/2025 16:00:00,170.78
ACME-DL,7/24/2025 16:00:00,173.74
ACME-DL,7/25/2025 16:00:00,173.5
ACME-DL,7/28/2025 16:00:00,176.75
ACME-DL,7/29/2025 16:00:00,175.51
ACME-DL,7/30/2025 16:00:00,179.27
ACME-DL,7/31/2025 16:00:00,177.87
ACME-DL,8/1/2025 16:00:00,173.72
ACME-DL,8/4/2025 16:00:00,180
ACME-DL,8/5/2025 16:00:00,178.26
ACME-DL,8/6/2025 16:00:00,179.42
ACME-DL,8/7/2025 16:00:00,180.77
ACME-DL,8/8/2025 16:00:00,182.7
ACME-DL,8/11/2025 16:00:00,182.06
ACME-DL,8/12/2025 16:00:00,183.16
ACME-DL,8/13/2025 16:00:00,181.59
ACME-DL,8/14/2025 16:00:00,182.02
ACME-DL,8/15/2025 16:00:00,180.45
ACME-DL,8/18/2025 16:00:00,182.01
ACME-DL,8/19/2025 16:00:00,175.64
ACME-DL,8/20/2025 16:00:00,175.4
ACME-DL,8/21/2025 16:00:00,174.98
ACME-DL,8/22/2025 16:00:00,177.99
ACME-DL,8/25/2025 16:00:00,179.81
ACME-DL,8/26/2025 16:00:00,181.77
ACME-DL,8/27/2025 16:00:00,181.6
ACME-DL,8/28/2025 16:00:00,180.17
ACME-DL,8/29/2025 16:00:00,174.18
ACME-DL,9/2/2025 16:00:00,170.78
ACME-DL,9/3/2025 16:00:00,170.62
ACME-DL,9/4/2025 16:00:00,171.66
ACME-DL,9/5/2025 16:00:00,167.02
ACME-DL,9/8/2025 16:00:00,168.31
ACME-DL,9/9/2025 16:00:00,170.76
ACME-DL,9/10/2025 16:00:00,177.33
ACME-DL,9/11/2025 16:00:00,177.17
ACME-DL,9/12/2025 16:00:00,177.82
ACME-DL,9/15/2025 16:00:00,177.75
ACME-DL,9/16/2025 16:00:00,174.88
ACME-DL,9/17/2025 16:00:00,170.29
ACME-DL,9/18/2025 16:00:00,176.24
ACME-DL,9/19/2025 16:00:00,176.67
ACME-DL,9/22/2025 16:00:00,183.61
ACME-DL,9/23/2025 16:00:00,178.43
ACME-DL,9/24/2025 16:00:00,176.97
ACME-DL,9/25/2025 16:00:00,177.69
ACME-DL,9/26/2025 16:00:00,178.19
ACME-DL,9/29/2025 16:00:00,181.85
ACME-DL,9/30/2025 16:00:00,186.58
ACME-DL,10/1/2025 16:00:00,187.24
ACME-DL,10/2/2025 16:00:00,188.89
ACME-DL,10/3/2025 16:00:00,187.62
ACME-DL,10/6/2025 16:00:00,185.54
ACME-DL,10/7/2025 16:00:00,185.04
ACME-DL,10/8/2025 16:00:00,189.11
ACME-DL,10/9/2025 16:00:00,192.57
ACME-DL,10/10/2025 16:00:00,183.16
ACME-DL,10/13/2025 16:00:00,188.32
ACME-DL,10/14/2025 16:00:00,180.03
ACME-DL,10/15/2025 16:00:00,179.83
ACME-DL,10/16/2025 16:00:00,181.81
ACME-DL,10/17/2025 16:00:00,183.22
ACME-DL,10/20/2025 16:00:00,182.64
ACME-DL,10/21/2025 16:00:00,181.16
ACME-DL,10/22/2025 16:00:00,180.28
ACME-DL,10/23/2025 16:00:00,182.16
ACME-DL,10/24/2025 16:00:00,186.26
ACME-DL,10/27/2025 16:00:00,191.49
ACME-DL,10/28/2025 16:00:00,201.03
ACME-DL,10/29/2025 16:00:00,207.04
ACME-DL,10/30/2025 16:00:00,202.89
ACME-DL,10/31/2025 16:00:00,202.49
ACME-DL,11/3/2025 16:00:00,206.88
ACME-DL,11/4/2025 16:00:00,198.69
ACME-DL,11/5/2025 16:00:00,195.21
ACME-DL,11/6/2025 16:00:00,188.08
ACME-DL,11/7/2025 16:00:00,188.15
ACME-DL,11/10/2025 16:00:00,199.05
ACME-DL,11/11/2025 16:00:00,193.16
ACME-DL,11/12/2025 16:00:00,193.8
ACME-DL,11/13/2025 16:00:00,186.86
ACME-DL,11/14/2025 16:00:00,190.17
ACME-DL,11/17/2025 16:00:00,186.6
ACME-DL,11/18/2025 16:00:00,181.36
ACME-DL,11/19/2025 16:00:00,186.52
ACME-DL,11/20/2025 16:00:00,180.64
ACME-DL,11/21/2025 16:00:00,178.88
ACME-DL,11/24/2025 16:00:00,182.55
ACME-DL,11/25/2025 16:00:00,177.82
ACME-DL,11/26/2025 16:00:00,180.26
ACME-DL,11/28/2025 13:05:00,177
ACME-DL,12/1/2025 16:00:00,179.92
ACME-DL,12/2/2025 16:00:00,181.46
ACME-DL,12/3/2025 16:00:00,179.59
ACME-DL,12/4/2025 16:00:00,183.38
ACME-DL,12/5/2025 16:00:00,182.41
ACME-DL,12/8/2025 16:00:00,185.55
ACME-DL,12/9/2025 16:00:00,184.97
ACME-DL,12/10/2025 16:00:00,183.78
ACME-DL,12/11/2025 16:00:00,180.93
ACME-DL,12/12/2025 16:00:00,175.02
ACME-DL,12/15/2025 16:00:00,176.29
ACME-DL,12/16/2025 16:00:00,177.72
ACME-DL,12/17/2025 16:00:00,170.94
ACME-DL,12/18/2025 16:00:00,174.14
ACME-DL,12/19/2025 16:00:00,180.99
ACME-DL,12/22/2025 16:00:00,183.69
ACME-DL,12/23/2025 16:00:00,189.21
ACME-DL,12/24/2025 13:05:00,188.61
ACME-DL,12/26/2025 16:00:00,190.53
ACME-DL,12/29/2025 16:00:00,188.22
ACME-DL,12/30/2025 16:00:00,187.54
ACME-DL,12/31/2025 16:00:00,186.5
ACME-DL,1/2/2026 16:00:00,188.85
ACME-DL,1/5/2026 16:00:00,188.12
ACME-DL,1/6/2026 16:00:00,187.24
ACME-DL,1/7/2026 16:00:00,189.11
ACME-DL,1/8/2026 16:00:00,185.04
ACME-DL,1/9/2026 16:00:00,184.86
ACME-DL,1/12/2026 16:00:00,184.94
ACME-DL,1/13/2026 16:00:00,185.81
ACME-DL,1/14/2026 16:00:00,183.14
ACME-DL,1/15/2026 16:00:00,187.05
ACME-DL,1/16/2026 16:00:00,186.23
ACME-DL,1/20/2026 16:00:00,178.07
ACME-DL,1/21/2026 16:00:00,183.32
ACME-DL,1/22/2026 16:00:00,184.84
ACME-DL,1/23/2026 16:00:00,187.67
ACME-DL,1/26/2026 16:00:00,186.47
ACME-DL,1/27/2026 16:00:00,188.52
ACME-DL,1/28/2026 16:00:00,191.52
ACME-DL,1/29/2026 16:00:00,192.51
ACME-DL,1/30/2026 16:00:00,191.13
ACME-DL,2/2/2026 16:00:00,185.61
ACME-DL,2/3/2026 16:00:00,180.34
ACME-DL,2/4/2026 16:00:00,174.19
ACME-DL,2/5/2026 16:00:00,171.88
ACME-DL,2/6/2026 16:00:00,185.41
ACME-DL,2/9/2026 16:00:00,190.04
ACME-DL,2/10/2026 16:00:00,188.54
ACME-DL,2/11/2026 16:00:00,190.05
ACME-DL,2/12/2026 16:00:00,186.94
ACME-DL,2/13/2026 16:00:00,182.81
ACME-DL,2/17/2026 16:00:00,184.97
ACME-DL,2/18/2026 16:00:00,187.98
ACME-DL,2/19/2026 16:00:00,187.9
ACME-DL,2/20/2026 16:00:00,189.82
ACME-DL,2/23/2026 16:00:00,191.55
ACME-DL,2/24/2026 16:00:00,192.85
ACME-DL,2/25/2026 16:00:00,195.56
ACME-DL,2/26/2026 16:00:00,184.89
ACME-DL,2/27/2026 16:00:00,177.19
ACME-DL,3/2/2026 16:00:00,182.48
ACME-DL,3/3/2026 16:00:00,180.05
ACME-DL,3/4/2026 16:00:00,183.04
ACME-DL,3/5/2026 16:00:00,183.34
ACME-DL,3/6/2026 16:00:00,177.82
ACME-DL,3/9/2026 16:00:00,182.65
ACME-DL,3/10/2026 16:00:00,184.77
ACME-DL,3/11/2026 16:00:00,186.03
ACME-DL,3/12/2026 16:00:00,183.14
ACME-DL,3/13/2026 16:00:00,180.25
ACME-DL,3/16/2026 16:00:00,183.22
ACME-DL,3/17/2026 16:00:00,181.93
ACME-DL,3/18/2026 16:00:00,180.4
ACME-DL,3/19/2026 16:00:00,178.56
ACME-DL,3/20/2026 16:00:00,172.7
ACME-DL,3/23/2026 16:00:00,175.64
ACME-DL,3/24/2026 16:00:00,175.2
ACME-DL,3/25/2026 16:00:00,178.68
ACME-DL,3/26/2026 16:00:00,171.24
ACME-DL,3/27/2026 16:00:00,167.52
ACME-DL,3/30/2026 16:00:00,165.17
ACME-DL,3/31/2026 16:00:00,174.4
ACME-DL,4/1/2026 16:00:00,175.75
ACME-DL,4/2/2026 16:00:00,177.39
ACME-DL,4/6/2026 16:00:00,177.64
ACME-DL,4/7/2026 16:00:00,178.1
ACME-DL,4/8/2026 16:00:00,182.08
ACME-DL,4/9/2026 16:00:00,183.91
ACME-DL,4/10/2026 16:00:00,188.63
ACME-DL,4/13/2026 16:00:00,189.31
ACME-DL,4/14/2026 16:00:00,196.51
ACME-DL,4/15/2026 16:00:00,198.87
ACME-DL,4/16/2026 16:00:00,198.35
ACME-DL,4/17/2026 16:00:00,201.68
ACME-DL,4/20/2026 16:00:00,202.06
ACME-DL,4/21/2026 16:00:00,199.88
ACME-DL,4/22/2026 16:00:00,202.5
ACME-DL,4/23/2026 16:00:00,199.64
ACME-DL,4/24/2026 16:00:00,208.27
ACME-DL,4/27/2026 16:00:00,216.61
ACME-DL,4/28/2026 16:00:00,213.17
ACME-DL,4/29/2026 16:00:00,209.25
ACME-DL,4/30/2026 16:00:00,199.57
ACME-DL,5/1/2026 16:00:00,198.45
ACME-DL,5/4/2026 16:00:00,198.48
ACME-DL,5/5/2026 16:00:00,196.5
ACME-DL,5/6/2026 16:00:00,207.83
ACME-DL,5/7/2026 16:00:00,211.5
ACME-DL,5/8/2026 16:00:00,215.2
ACME-DL,5/11/2026 16:00:00,219.44
ACME-DL,5/12/2026 16:00:00,220.78
ACME-DL,5/13/2026 16:00:00,225.83
ACME-DL,5/14/2026 16:00:00,235.74
ACME-DL,5/15/2026 16:00:00,225.32
ACME-DL,5/18/2026 16:00:00,222.32
ACME-DL,5/19/2026 16:00:00,220.61
ACME-DL,5/20/2026 16:00:00,223.47
ACME-DL,5/21/2026 16:00:00,219.51
ACME-DL,5/22/2026 16:00:00,215.33
ACME-DL,5/26/2026 16:00:00,214.86
ACME-DL,5/27/2026 16:00:00,212.6
ACME-DL,5/28/2026 16:00:00,214.25
ACME-DL,5/29/2026 16:00:00,211.14
ACME-DL,6/1/2026 16:00:00,224.36
ACME-TECH,1/2/2025 16:00:00,87.33
ACME-TECH,1/3/2025 16:00:00,89.87
ACME-TECH,1/6/2025 16:00:00,99.26
ACME-TECH,1/7/2025 16:00:00,101.91
ACME-TECH,1/8/2025 16:00:00,99.41
ACME-TECH,1/10/2025 16:00:00,99.34
ACME-TECH,1/13/2025 16:00:00,95.06
ACME-TECH,1/14/2025 16:00:00,97.36
ACME-TECH,1/15/2025 16:00:00,103.19
ACME-TECH,1/16/2025 16:00:00,102.6
ACME-TECH,1/17/2025 16:00:00,105.75
ACME-TECH,1/21/2025 16:00:00,109.38
ACME-TECH,1/22/2025 16:00:00,109.23
ACME-TECH,1/23/2025 16:00:00,104.84
ACME-TECH,1/24/2025 16:00:00,103.19
ACME-TECH,1/27/2025 16:00:00,91.11
ACME-TECH,1/28/2025 16:00:00,88.25
ACME-TECH,1/29/2025 16:00:00,89.01
ACME-TECH,1/30/2025 16:00:00,92.5
ACME-TECH,1/31/2025 16:00:00,91.24
ACME-TECH,2/3/2025 16:00:00,89.92
ACME-TECH,2/4/2025 16:00:00,90.66
ACME-TECH,2/5/2025 16:00:00,93.6
ACME-TECH,2/6/2025 16:00:00,94.54
ACME-TECH,2/7/2025 16:00:00,92.3
ACME-TECH,2/10/2025 16:00:00,95.93
ACME-TECH,2/11/2025 16:00:00,94.08
ACME-TECH,2/12/2025 16:00:00,91.68
ACME-TECH,2/13/2025 16:00:00,95.66
ACME-TECH,2/14/2025 16:00:00,99.52
ACME-TECH,2/18/2025 16:00:00,106.79
ACME-TECH,2/19/2025 16:00:00,104.36
ACME-TECH,2/20/2025 16:00:00,103.18
ACME-TECH,2/21/2025 16:00:00,98.84
ACME-TECH,2/24/2025 16:00:00,95.41
ACME-TECH,2/25/2025 16:00:00,93.22
ACME-TECH,2/26/2025 16:00:00,97.71
ACME-TECH,2/27/2025 16:00:00,91.82
ACME-TECH,2/28/2025 16:00:00,93.63
ACME-TECH,3/3/2025 16:00:00,90.54
ACME-TECH,3/4/2025 16:00:00,91.2
ACME-TECH,3/5/2025 16:00:00,94.34
ACME-TECH,3/6/2025 16:00:00,89.27
ACME-TECH,3/7/2025 16:00:00,92.96
ACME-TECH,3/10/2025 16:00:00,87.08
ACME-TECH,3/11/2025 16:00:00,89.05
ACME-TECH,3/12/2025 16:00:00,95.64
ACME-TECH,3/13/2025 16:00:00,94.88
ACME-TECH,3/14/2025 16:00:00,100.79
ACME-TECH,3/17/2025 16:00:00,103.11
ACME-TECH,3/18/2025 16:00:00,101.72
ACME-TECH,3/19/2025 16:00:00,102.06
ACME-TECH,3/20/2025 16:00:00,103
ACME-TECH,3/21/2025 16:00:00,94.72
ACME-TECH,3/24/2025 16:00:00,96.94
ACME-TECH,3/25/2025 16:00:00,94.18
ACME-TECH,3/26/2025 16:00:00,92.13
ACME-TECH,3/27/2025 16:00:00,91.16
ACME-TECH,3/28/2025 16:00:00,88.44
ACME-TECH,3/31/2025 16:00:00,86.89
ACME-TECH,4/1/2025 16:00:00,88.71
ACME-TECH,4/2/2025 16:00:00,88.6
ACME-TECH,4/3/2025 16:00:00,74.34
ACME-TECH,4/4/2025 16:00:00,64.72
ACME-TECH,4/7/2025 16:00:00,68.37
ACME-TECH,4/8/2025 16:00:00,65.54
ACME-TECH,4/9/2025 16:00:00,77.87
ACME-TECH,4/10/2025 16:00:00,70.05
ACME-TECH,4/11/2025 16:00:00,69.55
ACME-TECH,4/14/2025 16:00:00,71.02
ACME-TECH,4/15/2025 16:00:00,71.04
ACME-TECH,4/16/2025 16:00:00,69.33
ACME-TECH,4/17/2025 16:00:00,68.8
ACME-TECH,4/21/2025 16:00:00,66.74
ACME-TECH,4/22/2025 16:00:00,70.21
ACME-TECH,4/23/2025 16:00:00,72.93
ACME-TECH,4/24/2025 16:00:00,77.42
ACME-TECH,4/25/2025 16:00:00,79.78
ACME-TECH,4/28/2025 16:00:00,78.56
ACME-TECH,4/29/2025 16:00:00,76.88
ACME-TECH,4/30/2025 16:00:00,76.95
ACME-TECH,5/1/2025 16:00:00,77.77
ACME-TECH,5/2/2025 16:00:00,80.72
ACME-TECH,5/5/2025 16:00:00,80.42
ACME-TECH,5/6/2025 16:00:00,80.51
ACME-TECH,5/7/2025 16:00:00,82.62
ACME-TECH,5/8/2025 16:00:00,85.15
ACME-TECH,5/9/2025 16:00:00,85.86
ACME-TECH,5/12/2025 16:00:00,92.29
ACME-TECH,5/13/2025 16:00:00,96.93
ACME-TECH,5/14/2025 16:00:00,95.32
ACME-TECH,5/15/2025 16:00:00,95.45
ACME-TECH,5/16/2025 16:00:00,98
ACME-TECH,5/19/2025 16:00:00,98.65
ACME-TECH,5/20/2025 16:00:00,98.1
ACME-TECH,5/21/2025 16:00:00,95.84
ACME-TECH,5/22/2025 16:00:00,95.84
ACME-TECH,5/23/2025 16:00:00,93.37
ACME-TECH,5/27/2025 16:00:00,96.38
ACME-TECH,5/28/2025 16:00:00,96.18
ACME-TECH,5/29/2025 16:00:00,96.8
ACME-TECH,5/30/2025 16:00:00,94.46
ACME-TECH,6/2/2025 16:00:00,98.18
ACME-TECH,6/3/2025 16:00:00,102.25
ACME-TECH,6/4/2025 16:00:00,103.25
ACME-TECH,6/5/2025 16:00:00,106.29
ACME-TECH,6/6/2025 16:00:00,108.56
ACME-TECH,6/9/2025 16:00:00,110.95
ACME-TECH,6/10/2025 16:00:00,114.14
ACME-TECH,6/11/2025 16:00:00,116.03
ACME-TECH,6/12/2025 16:00:00,116.18
ACME-TECH,6/13/2025 16:00:00,115.6
ACME-TECH,6/16/2025 16:00:00,119.84
ACME-TECH,6/17/2025 16:00:00,120.34
ACME-TECH,6/18/2025 16:00:00,121.82
ACME-TECH,6/20/2025 16:00:00,123.6
ACME-TECH,6/23/2025 16:00:00,122.08
ACME-TECH,6/24/2025 16:00:00,127.91
ACME-TECH,6/25/2025 16:00:00,127.25
ACME-TECH,6/26/2025 16:00:00,126
ACME-TECH,6/27/2025 16:00:00,124.76
ACME-TECH,6/30/2025 16:00:00,123.25
ACME-TECH,7/1/2025 16:00:00,120.89
ACME-TECH,7/2/2025 16:00:00,121.74
ACME-TECH,7/3/2025 13:05:00,122.29
ACME-TECH,7/7/2025 16:00:00,119.92
ACME-TECH,7/8/2025 16:00:00,124.42
ACME-TECH,7/9/2025 16:00:00,122.24
ACME-TECH,7/10/2025 16:00:00,123.11
ACME-TECH,7/11/2025 16:00:00,124.53
ACME-TECH,7/14/2025 16:00:00,118.61
ACME-TECH,7/15/2025 16:00:00,120.11
ACME-TECH,7/16/2025 16:00:00,116.43
ACME-TECH,7/17/2025 16:00:00,113.26
ACME-TECH,7/18/2025 16:00:00,114.39
ACME-TECH,7/21/2025 16:00:00,113.23
ACME-TECH,7/22/2025 16:00:00,109.22
ACME-TECH,7/23/2025 16:00:00,109.83
ACME-TECH,7/24/2025 16:00:00,111.73
ACME-TECH,7/25/2025 16:00:00,111.26
ACME-TECH,7/28/2025 16:00:00,111.25
ACME-TECH,7/29/2025 16:00:00,111.96
ACME-TECH,7/30/2025 16:00:00,114.74
ACME-TECH,7/31/2025 16:00:00,109.14
ACME-TECH,8/1/2025 16:00:00,104.88
ACME-TECH,8/4/2025 16:00:00,107.77
ACME-TECH,8/5/2025 16:00:00,109.06
ACME-TECH,8/6/2025 16:00:00,108.78
ACME-TECH,8/7/2025 16:00:00,111.87
ACME-TECH,8/8/2025 16:00:00,118.89
ACME-TECH,8/11/2025 16:00:00,123.72
ACME-TECH,8/12/2025 16:00:00,127.75
ACME-TECH,8/13/2025 16:00:00,124.27
ACME-TECH,8/14/2025 16:00:00,125.29
ACME-TECH,8/15/2025 16:00:00,120.87
ACME-TECH,8/18/2025 16:00:00,123.55
ACME-TECH,8/19/2025 16:00:00,122.05
ACME-TECH,8/20/2025 16:00:00,117.21
ACME-TECH,8/21/2025 16:00:00,115.79
ACME-TECH,8/22/2025 16:00:00,117.68
ACME-TECH,8/25/2025 16:00:00,116.42
ACME-TECH,8/26/2025 16:00:00,116.5
ACME-TECH,8/27/2025 16:00:00,117.75
ACME-TECH,8/28/2025 16:00:00,122
ACME-TECH,8/29/2025 16:00:00,119.01
ACME-TECH,9/2/2025 16:00:00,118.48
ACME-TECH,9/3/2025 16:00:00,118.72
ACME-TECH,9/4/2025 16:00:00,124.21
ACME-TECH,9/5/2025 16:00:00,131.37
ACME-TECH,9/8/2025 16:00:00,131.46
ACME-TECH,9/9/2025 16:00:00,135.24
ACME-TECH,9/10/2025 16:00:00,140
ACME-TECH,9/11/2025 16:00:00,150.57
ACME-TECH,9/12/2025 16:00:00,157.23
ACME-TECH,9/15/2025 16:00:00,157.77
ACME-TECH,9/16/2025 16:00:00,158.82
ACME-TECH,9/17/2025 16:00:00,159.99
ACME-TECH,9/18/2025 16:00:00,168.89
ACME-TECH,9/19/2025 16:00:00,162.73
ACME-TECH,9/22/2025 16:00:00,164.62
ACME-TECH,9/23/2025 16:00:00,166.41
ACME-TECH,9/24/2025 16:00:00,161.71
ACME-TECH,9/25/2025 16:00:00,156.83
ACME-TECH,9/26/2025 16:00:00,157.27
ACME-TECH,9/29/2025 16:00:00,163.9
ACME-TECH,9/30/2025 16:00:00,167.32
ACME-TECH,10/1/2025 16:00:00,182.15
ACME-TECH,10/2/2025 16:00:00,183.75
ACME-TECH,10/3/2025 16:00:00,187.83
ACME-TECH,10/6/2025 16:00:00,190.96
ACME-TECH,10/7/2025 16:00:00,185.69
ACME-TECH,10/8/2025 16:00:00,196.54
ACME-TECH,10/9/2025 16:00:00,192.33
ACME-TECH,10/10/2025 16:00:00,181.6
ACME-TECH,10/13/2025 16:00:00,192.77
ACME-TECH,10/14/2025 16:00:00,187.06
ACME-TECH,10/15/2025 16:00:00,191.94
ACME-TECH,10/16/2025 16:00:00,202.53
ACME-TECH,10/17/2025 16:00:00,202.38
ACME-TECH,10/20/2025 16:00:00,206.77
ACME-TECH,10/21/2025 16:00:00,202.29
ACME-TECH,10/22/2025 16:00:00,198.47
ACME-TECH,10/23/2025 16:00:00,206.71
ACME-TECH,10/24/2025 16:00:00,219.02
ACME-TECH,10/27/2025 16:00:00,220.1
ACME-TECH,10/28/2025 16:00:00,221.91
ACME-TECH,10/29/2025 16:00:00,226.63
ACME-TECH,10/30/2025 16:00:00,224.01
ACME-TECH,10/31/2025 16:00:00,223.77
ACME-TECH,11/3/2025 16:00:00,234.7
ACME-TECH,11/4/2025 16:00:00,218.03
ACME-TECH,11/5/2025 16:00:00,237.5
ACME-TECH,11/6/2025 16:00:00,238.33
ACME-TECH,11/7/2025 16:00:00,237.92
ACME-TECH,11/10/2025 16:00:00,253.3
ACME-TECH,11/11/2025 16:00:00,241.11
ACME-TECH,11/12/2025 16:00:00,244.9
ACME-TECH,11/13/2025 16:00:00,236.95
ACME-TECH,11/14/2025 16:00:00,246.83
ACME-TECH,11/17/2025 16:00:00,241.95
ACME-TECH,11/18/2025 16:00:00,228.5
ACME-TECH,11/19/2025 16:00:00,225.92
ACME-TECH,11/20/2025 16:00:00,201.37
ACME-TECH,11/21/2025 16:00:00,207.37
ACME-TECH,11/24/2025 16:00:00,223.93
ACME-TECH,11/25/2025 16:00:00,224.53
ACME-TECH,11/26/2025 16:00:00,230.26
ACME-TECH,11/28/2025 13:05:00,236.48
ACME-TECH,12/1/2025 16:00:00,240.46
ACME-TECH,12/2/2025 16:00:00,239.49
ACME-TECH,12/3/2025 16:00:00,234.16
ACME-TECH,12/4/2025 16:00:00,226.65
ACME-TECH,12/5/2025 16:00:00,237.22
ACME-TECH,12/8/2025 16:00:00,246.92
ACME-TECH,12/9/2025 16:00:00,252.42
ACME-TECH,12/10/2025 16:00:00,263.71
ACME-TECH,12/11/2025 16:00:00,258.46
ACME-TECH,12/12/2025 16:00:00,241.14
ACME-TECH,12/15/2025 16:00:00,237.5
ACME-TECH,12/16/2025 16:00:00,232.51
ACME-TECH,12/17/2025 16:00:00,225.52
ACME-TECH,12/18/2025 16:00:00,248.55
ACME-TECH,12/19/2025 16:00:00,265.92
ACME-TECH,12/22/2025 16:00:00,276.59
ACME-TECH,12/23/2025 16:00:00,276.27
ACME-TECH,12/24/2025 13:05:00,286.68
ACME-TECH,12/26/2025 16:00:00,284.79
ACME-TECH,12/29/2025 16:00:00,294.37
ACME-TECH,12/30/2025 16:00:00,292.63
ACME-TECH,12/31/2025 16:00:00,285.41
ACME-TECH,1/2/2026 16:00:00,315.42
ACME-TECH,1/5/2026 16:00:00,312.15
ACME-TECH,1/6/2026 16:00:00,343.43
ACME-TECH,1/7/2026 16:00:00,339.55
ACME-TECH,1/8/2026 16:00:00,327.02
ACME-TECH,1/9/2026 16:00:00,345.09
ACME-TECH,1/12/2026 16:00:00,345.87
ACME-TECH,1/13/2026 16:00:00,338.13
ACME-TECH,1/14/2026 16:00:00,333.35
ACME-TECH,1/15/2026 16:00:00,336.63
ACME-TECH,1/16/2026 16:00:00,362.75
ACME-TECH,1/20/2026 16:00:00,365
ACME-TECH,1/21/2026 16:00:00,389.11
ACME-TECH,1/22/2026 16:00:00,397.58
ACME-TECH,1/23/2026 16:00:00,399.65
ACME-TECH,1/26/2026 16:00:00,389.09
ACME-TECH,1/27/2026 16:00:00,410.24
ACME-TECH,1/28/2026 16:00:00,435.28
ACME-TECH,1/29/2026 16:00:00,435.79
ACME-TECH,1/30/2026 16:00:00,414.88
ACME-TECH,2/2/2026 16:00:00,437.8
ACME-TECH,2/3/2026 16:00:00,419.44
ACME-TECH,2/4/2026 16:00:00,379.4
ACME-TECH,2/5/2026 16:00:00,382.89
ACME-TECH,2/6/2026 16:00:00,394.69
ACME-TECH,2/9/2026 16:00:00,383.5
ACME-TECH,2/10/2026 16:00:00,373.25
ACME-TECH,2/11/2026 16:00:00,410.34
ACME-TECH,2/12/2026 16:00:00,413.97
ACME-TECH,2/13/2026 16:00:00,411.66
ACME-TECH,2/17/2026 16:00:00,399.78
ACME-TECH,2/18/2026 16:00:00,420.95
ACME-TECH,2/19/2026 16:00:00,417.35
ACME-TECH,2/20/2026 16:00:00,428.17
ACME-TECH,2/23/2026 16:00:00,420.97
ACME-TECH,2/24/2026 16:00:00,418.01
ACME-TECH,2/25/2026 16:00:00,429
ACME-TECH,2/26/2026 16:00:00,415.56
ACME-TECH,2/27/2026 16:00:00,412.37
ACME-TECH,3/2/2026 16:00:00,412.67
ACME-TECH,3/3/2026 16:00:00,379.68
ACME-TECH,3/4/2026 16:00:00,400.77
ACME-TECH,3/5/2026 16:00:00,397.05
ACME-TECH,3/6/2026 16:00:00,370.3
ACME-TECH,3/9/2026 16:00:00,389.32
ACME-TECH,3/10/2026 16:00:00,403.11
ACME-TECH,3/11/2026 16:00:00,418.69
ACME-TECH,3/12/2026 16:00:00,405.35
ACME-TECH,3/13/2026 16:00:00,426.13
ACME-TECH,3/16/2026 16:00:00,441.8
ACME-TECH,3/17/2026 16:00:00,461.69
ACME-TECH,3/18/2026 16:00:00,461.73
ACME-TECH,3/19/2026 16:00:00,444.27
ACME-TECH,3/20/2026 16:00:00,422.9
ACME-TECH,3/23/2026 16:00:00,404.35
ACME-TECH,3/24/2026 16:00:00,395.53
ACME-TECH,3/25/2026 16:00:00,382.09
ACME-TECH,3/26/2026 16:00:00,355.46
ACME-TECH,3/27/2026 16:00:00,357.22
ACME-TECH,3/30/2026 16:00:00,321.8
ACME-TECH,3/31/2026 16:00:00,337.84
ACME-TECH,4/1/2026 16:00:00,367.85
ACME-TECH,4/2/2026 16:00:00,366.24
ACME-TECH,4/6/2026 16:00:00,377.76
ACME-TECH,4/7/2026 16:00:00,377.58
ACME-TECH,4/8/2026 16:00:00,406.73
ACME-TECH,4/9/2026 16:00:00,421.51
ACME-TECH,4/10/2026 16:00:00,420.59
ACME-TECH,4/13/2026 16:00:00,426.56
ACME-TECH,4/14/2026 16:00:00,465.66
ACME-TECH,4/15/2026 16:00:00,456.23
ACME-TECH,4/16/2026 16:00:00,457.23
ACME-TECH,4/17/2026 16:00:00,455.07
ACME-TECH,4/20/2026 16:00:00,448.42
ACME-TECH,4/21/2026 16:00:00,449.38
ACME-TECH,4/22/2026 16:00:00,487.48
ACME-TECH,4/23/2026 16:00:00,481.72
ACME-TECH,4/24/2026 16:00:00,496.72
ACME-TECH,4/27/2026 16:00:00,524.56
ACME-TECH,4/28/2026 16:00:00,504.29
ACME-TECH,4/29/2026 16:00:00,518.46
ACME-TECH,4/30/2026 16:00:00,517.16
ACME-TECH,5/1/2026 16:00:00,542.21
ACME-TECH,5/4/2026 16:00:00,576.45
ACME-TECH,5/5/2026 16:00:00,640.2
ACME-TECH,5/6/2026 16:00:00,666.59
ACME-TECH,5/7/2026 16:00:00,646.63
ACME-TECH,5/8/2026 16:00:00,746.81
ACME-TECH,5/11/2026 16:00:00,795.33
ACME-TECH,5/12/2026 16:00:00,766.58
ACME-TECH,5/13/2026 16:00:00,803.63
ACME-TECH,5/14/2026 16:00:00,776.01
ACME-TECH,5/15/2026 16:00:00,724.66
ACME-TECH,5/18/2026 16:00:00,681.54
ACME-TECH,5/19/2026 16:00:00,698.74
ACME-TECH,5/20/2026 16:00:00,731.99
ACME-TECH,5/21/2026 16:00:00,762.1
ACME-TECH,5/22/2026 16:00:00,751
ACME-TECH,5/26/2026 16:00:00,895.88
ACME-TECH,5/27/2026 16:00:00,928.41
ACME-TECH,5/28/2026 16:00:00,923.52
ACME-TECH,5/29/2026 16:00:00,971
ACME-TECH,6/1/2026 16:00:00,1035.5